Age,Annual Balance (Euros),Last Contact Duration (sec),Number of Contacts Performed for This Campaign,Number of Contacts Performed for Previous Campaign,Days Past Since Contacted by Last Campaign
33,3444,144,1,4,91
36,0,140,1,3,143
56,589,518,1,2,147
51,3132,449,1,1,176
33,1005,175,1,2,174
34,899,114,1,3,170
30,873,119,1,3,167
30,1243,86,1,1,174
44,1631,81,1,2,195
51,119,200,1,2,165
51,58,79,1,2,129
44,6203,58,1,1,188
34,105,303,1,2,196
49,1533,324,1,1,172
47,228,80,1,1,118
40,1623,161,1,2,167
47,1484,297,1,3,119
54,198,120,1,2,171
48,295,123,1,2,164
45,1477,75,1,1,132
39,401,396,1,2,129
39,3324,96,1,1,131
37,0,44,1,2,123
49,64,208,1,1,159
58,0,219,1,2,186
43,1865,155,1,1,186
50,633,302,1,6,111
56,2749,38,1,2,172
51,209,130,1,2,111
50,246,270,1,2,123
45,1415,483,1,1,116
40,5766,68,2,1,173
30,101,348,1,1,123
36,5057,70,1,10,166
34,1265,118,1,3,164
48,8106,125,1,3,111
59,0,90,2,2,110
53,1364,508,1,1,115
46,46,80,1,1,152
52,5423,93,1,1,115
58,8332,164,2,4,96
56,689,110,1,4,103
34,0,214,1,2,174
32,4344,79,2,3,118
54,472,229,2,1,150
59,252,138,1,2,175
40,0,74,2,1,196
45,4425,147,1,2,110
43,-36,190,1,1,104
43,0,103,2,3,193
55,1730,89,2,3,118
49,202,651,2,1,104
49,313,42,2,2,188
39,419,186,1,1,181
42,14282,77,1,4,103
42,1048,71,1,1,186
41,112,1081,1,1,131
51,563,504,1,3,123
36,1797,166,1,2,181
52,3440,124,1,1,131
42,373,174,1,3,154
45,2020,62,1,1,131
35,24,128,1,1,181
38,425,240,1,1,181
47,80,74,1,1,145
43,634,65,1,1,131
42,970,725,1,10,119
50,830,71,1,2,138
54,2719,166,2,2,171
44,0,58,1,2,195
51,248,139,2,3,126
51,12061,150,1,1,188
42,-15,89,1,1,145
46,0,407,1,3,150
50,4,223,1,2,96
58,3111,111,1,2,188
44,1451,157,3,12,150
41,557,158,1,1,173
37,600,116,2,1,196
53,350,113,3,2,132
53,248,99,1,3,126
52,1818,189,2,4,111
36,3837,184,1,1,193
37,0,65,2,1,119
44,58,48,1,3,126
32,0,159,2,2,195
41,20,99,1,2,151
37,-954,69,1,3,180
43,0,836,1,2,129
51,230,174,1,1,195
56,505,171,1,2,172
38,821,224,2,1,180
42,275,295,2,9,109
34,1049,101,2,1,129
51,1414,422,3,2,186
38,0,78,2,2,193
38,11971,609,2,3,101
53,2269,1091,2,1,150
41,271,148,2,2,172
48,-478,87,5,6,167
54,3795,227,2,1,119
55,653,193,2,1,186
38,1255,151,2,2,171
50,-403,130,2,2,119
42,2636,178,2,1,151
40,1029,117,2,3,117
57,1502,340,2,11,109
30,426,127,4,6,111
56,237,117,3,4,131
39,8,333,2,2,96
43,1043,57,4,3,119
42,1027,188,2,2,168
44,724,157,2,1,172
36,0,273,2,1,131
40,219,204,2,1,196
48,2106,499,2,1,195
43,2767,374,1,7,186
40,1269,353,1,1,172
56,1150,107,1,3,117
37,5115,1210,2,4,171
56,1092,176,3,4,186
37,121,211,2,2,151
58,644,220,4,4,109
45,781,652,2,2,126
50,0,114,4,2,168
44,106,17,1,1,175
40,755,408,1,1,117
43,1201,82,1,3,97
40,3059,41,1,1,182
36,4324,139,4,4,127
44,756,65,1,2,130
37,723,119,1,2,110
37,195,68,1,2,194
42,2249,228,1,5,125
53,137,52,1,1,176
44,10888,67,1,1,105
41,4320,164,1,2,166
41,1461,290,1,2,165
45,7108,53,1,3,172
48,4415,271,1,6,102
56,589,208,1,3,26
36,722,242,1,2,182
42,-247,104,2,2,28
37,0,173,1,6,179
35,5260,59,1,2,182
33,1769,273,1,1,182
46,4301,50,1,2,183
46,68,111,2,3,155
36,454,165,1,1,131
32,53,276,1,1,195
38,1515,134,1,5,110
37,561,188,1,2,165
59,2429,79,2,7,182
40,1155,175,1,1,138
59,14,319,2,1,182
36,0,300,1,4,96
51,1194,714,1,3,186
45,91,149,1,2,127
38,427,253,1,1,182
42,1958,129,1,3,172
30,3,54,1,1,195
51,146,150,2,3,126
37,3770,106,1,4,110
41,446,296,1,1,186
30,4787,266,1,2,167
36,1345,82,1,3,172
58,0,265,1,1,188
42,2273,253,1,2,112
41,1100,397,1,2,173
43,764,164,5,5,127
48,2877,77,1,1,168
30,-305,37,1,6,96
43,685,78,1,2,110
34,10,162,1,3,173
44,1880,34,1,6,124
36,0,103,1,2,175
33,596,77,1,3,127
47,829,48,1,1,188
47,3237,38,1,3,187
35,222,233,1,6,190
39,3732,515,1,2,181
39,585,48,1,3,181
31,2038,239,1,1,182
37,1316,389,1,2,172
50,-353,162,1,2,175
39,5009,255,1,2,126
56,0,100,1,2,154
30,83,118,2,1,196
53,19850,52,1,1,165
45,147,226,1,2,168
33,157,110,1,1,182
45,3395,92,1,1,188
37,690,105,1,2,179
37,54,328,2,1,131
40,326,124,1,1,175
38,-288,68,1,2,165
41,2123,232,1,2,102
44,1901,143,3,2,104
41,1954,65,1,2,110
45,16,100,1,2,110
45,1678,187,1,1,154
34,5754,32,1,1,181
52,2717,114,1,2,162
43,103,53,1,5,183
37,5427,201,1,1,159
37,1743,192,1,2,113
48,1092,79,1,8,172
35,4943,295,1,2,124
42,2110,67,1,2,110
34,63,83,1,2,102
32,118,216,1,1,124
50,21,157,1,1,188
30,900,123,1,2,124
55,3546,588,1,2,110
32,1667,164,2,3,179
32,2251,131,1,1,124
44,533,127,1,2,110
36,2894,91,1,1,124
34,11,123,1,1,124
32,3107,165,2,1,116
48,3008,163,1,3,187
48,648,290,1,2,110
39,173,96,2,2,182
47,19,90,2,1,123
52,297,62,2,1,195
59,797,319,2,2,165
38,678,82,2,1,152
39,10189,186,2,2,123
54,506,172,2,2,104
51,-516,120,2,2,187
47,1533,273,2,4,96
34,500,240,2,1,182
30,246,166,2,5,113
43,-56,146,2,14,151
52,2257,102,2,1,188
36,402,86,2,1,154
39,517,387,3,2,196
45,5694,145,2,2,193
54,368,74,2,4,110
36,296,67,2,2,111
38,508,722,3,2,175
44,2626,170,2,3,188
59,124,531,3,7,134
40,2854,354,2,1,169
30,0,174,2,3,111
42,1113,89,2,12,162
33,1522,171,2,3,179
44,-236,218,2,7,113
36,3560,658,3,2,169
42,898,136,2,1,131
36,556,154,3,1,189
53,1066,110,1,3,186
52,5350,68,2,4,110
40,7313,241,2,1,182
30,0,342,2,1,174
45,1550,143,2,6,166
38,4392,23,2,2,110
33,328,160,2,1,182
51,1612,61,2,1,131
33,17455,168,3,4,179
32,491,131,3,2,194
32,3839,100,2,1,189
40,9916,411,3,1,8
56,728,163,2,15,110
32,6217,486,2,2,181
41,1327,425,2,2,176
36,-179,476,2,1,124
46,942,240,3,2,119
34,3990,591,2,7,117
34,2047,72,2,5,113
30,1185,342,2,4,120
30,2802,285,2,2,137
43,508,200,1,1,172
51,6030,157,2,3,110
45,-14,39,2,3,127
46,6269,249,3,2,112
30,1131,189,1,5,144
40,399,166,3,2,96
46,864,105,5,2,188
31,3142,235,1,1,123
53,1139,180,1,6,186
48,214,246,1,1,162
34,1412,149,1,2,175
35,2019,83,2,1,144
31,1164,141,2,3,123
36,369,193,4,2,102
45,17,66,1,14,152
31,355,530,1,1,193
51,106,366,3,2,110
30,-306,372,1,1,186
44,1106,178,5,11,119
41,171,209,1,4,191
58,8014,697,2,3,184
55,4053,113,1,2,166
32,1583,100,1,1,182
42,412,142,4,5,169
30,314,364,2,2,175
37,7957,706,1,2,111
32,1156,81,1,1,182
39,1682,147,1,1,170
31,3625,112,1,2,180
32,1721,184,2,2,182
45,38,159,1,2,188
33,541,140,1,1,182
30,54,192,1,3,177
31,4924,316,1,2,182
54,6525,133,1,3,170
33,3696,305,1,3,182
48,1811,137,4,3,111
33,0,295,1,1,170
32,2089,192,1,1,5
40,12409,140,1,2,99
52,424,143,1,3,154
31,1186,174,1,1,180
35,2801,70,2,2,111
32,2667,197,1,2,99
30,382,369,1,1,191
32,964,130,1,2,120
36,189,136,1,1,120
52,-201,905,1,2,133
45,644,418,1,1,168
43,13044,215,1,4,93
35,771,110,1,5,93
39,3494,139,1,4,92
49,6613,106,1,3,155
34,360,46,1,2,182
33,1234,109,1,1,10
45,1309,298,1,2,170
30,234,206,1,2,169
32,1611,175,1,2,180
40,2977,375,1,1,125
46,15,46,2,3,91
30,447,426,2,6,189
34,2490,185,2,1,180
46,2421,1084,1,4,100
40,4608,111,2,1,156
53,1452,442,2,3,113
38,4030,75,2,5,177
32,18,20,1,1,177
40,260,52,1,6,152
35,538,308,1,9,195
32,524,100,1,1,106
33,-103,149,2,1,175
33,201,171,1,1,183
39,1444,100,1,8,117
44,1161,402,1,5,184
54,386,74,1,1,152
59,935,103,3,2,166
45,142,258,1,4,105
37,1165,62,3,4,190
58,8218,141,2,10,111
42,3211,87,2,1,111
41,2184,98,1,2,153
40,0,332,1,1,183
43,6835,187,1,2,152
44,1195,187,6,9,188
58,630,59,1,1,174
43,1993,37,1,1,174
58,590,136,1,1,167
39,6012,140,1,2,119
52,7225,205,2,2,113
54,1323,83,1,4,152
53,2818,131,1,7,126
48,-202,565,1,4,112
59,32948,243,1,2,174
33,2,17,5,1,198
44,2279,105,1,1,146
47,1939,150,1,1,174
45,2926,482,3,2,120
42,783,77,2,3,128
30,1101,779,2,1,175
59,2291,190,1,3,128
46,8873,172,1,2,118
40,657,178,1,2,112
37,253,59,2,2,153
33,6138,384,1,1,183
55,3948,149,1,2,170
46,3354,522,1,1,174
45,830,180,1,2,111
33,4,136,2,2,180
47,351,174,1,1,174
35,86,127,1,2,111
40,4853,259,1,2,111
38,884,295,1,2,111
59,741,194,2,2,152
34,4958,175,1,1,183
46,1410,93,1,8,189
36,16430,234,1,3,166
52,1291,559,1,2,169
57,5935,90,2,1,198
35,3187,171,2,1,183
59,2769,104,1,2,131
33,3512,251,1,2,183
56,444,88,1,1,166
38,5432,408,1,1,183
40,67,359,2,5,152
37,3574,178,1,2,170
36,2622,640,1,5,127
50,2910,433,1,1,113
38,2240,551,1,1,183
37,5902,191,1,4,180
34,899,377,3,4,7
50,167,47,1,1,133
54,2272,88,1,1,189
56,-429,120,2,4,119
43,8167,202,2,2,184
37,5340,101,2,4,104
53,2430,73,2,3,145
40,664,188,2,2,121
50,-470,130,2,1,160
30,2451,191,2,1,175
58,2538,680,2,6,111
54,2626,221,2,2,190
47,3696,635,3,2,170
39,12855,108,4,1,173
39,633,105,2,3,133
50,1784,1184,3,1,160
52,9687,222,3,1,174
39,1315,1337,4,1,126
33,923,1307,3,6,173
45,7154,93,3,3,111
59,0,207,2,1,153
53,2578,299,4,2,107
37,510,67,2,6,90
54,277,300,5,3,170
39,4692,214,2,2,174
39,4136,194,2,3,170
31,395,196,3,3,117
33,621,1435,3,5,99
49,4259,146,3,7,111
40,3352,639,2,1,27
35,552,314,2,1,124
35,31,131,3,3,133
44,6491,126,2,1,174
45,3689,517,2,3,187
44,1593,201,2,3,174
37,5287,599,4,2,100
55,625,88,2,4,147
38,898,80,5,2,198
35,867,298,2,3,171
31,1224,75,2,2,119
44,0,286,6,2,191
30,3100,125,1,4,183
32,344,179,1,1,197
30,809,26,5,2,171
35,146,392,2,2,106
32,4654,276,1,2,128
34,296,68,1,4,136
55,12159,142,2,2,174
38,5122,370,1,1,184
34,673,271,1,1,184
37,8135,358,1,1,184
41,2562,157,1,4,189
41,195,125,1,2,167
34,3119,505,1,4,183
35,935,71,1,2,176
30,5956,405,1,1,139
34,3185,93,1,1,191
31,481,106,2,2,183
39,660,180,1,2,185
52,57,45,1,1,196
42,3,47,1,1,190
40,572,67,1,2,91
33,3071,46,2,1,122
32,187,485,1,1,134
33,5151,73,1,4,178
32,2085,146,1,3,185
39,1104,333,2,2,105
39,892,34,1,1,171
45,96,167,1,1,127
32,574,171,1,2,127
50,0,152,1,1,190
47,1465,26,1,2,190
30,586,148,6,4,176
41,7735,220,1,1,190
37,264,276,1,1,157
30,501,994,1,1,177
38,215,70,1,1,167
48,4906,200,1,1,190
38,433,81,2,3,136
35,5304,340,1,2,183
34,797,88,1,1,126
31,450,111,2,4,129
39,519,149,1,14,155
31,1539,67,6,9,177
32,11512,301,1,1,183
52,1115,69,1,2,164
31,5607,183,2,1,184
30,1015,24,1,8,113
50,1878,45,2,11,181
41,98,180,1,6,122
46,0,531,1,1,167
37,862,85,1,2,122
46,3455,120,4,2,190
44,-230,352,1,1,177
36,-872,153,1,1,183
50,2590,281,2,6,195
55,10065,197,5,3,177
32,3201,98,1,5,178
34,273,308,1,1,188
35,-476,57,6,4,177
53,21522,83,3,4,149
55,166,324,7,4,153
37,-272,104,3,6,139
33,4465,161,1,2,183
33,557,89,1,1,91
40,4441,153,2,2,183
53,3815,75,2,3,149
47,2,661,4,1,190
33,2711,184,1,1,104
38,0,250,1,2,155
55,1102,195,1,2,189
57,2236,51,8,2,190
40,7711,190,5,1,135
34,1545,895,1,2,183
32,12686,176,1,1,170
38,1110,888,2,2,183
51,-153,72,2,4,92
37,836,223,1,2,177
44,7876,212,1,2,101
32,983,500,2,1,133
43,5704,154,3,2,106
33,3404,105,2,3,171
34,56,311,3,1,183
51,6659,191,2,1,189
58,5087,63,2,1,154
35,725,219,7,1,133
31,438,165,1,2,100
45,999,215,6,2,188
35,3888,207,5,5,178
52,3923,20,8,3,190
39,155,20,6,26,153
44,3060,113,1,2,189
40,9541,128,2,1,189
37,1016,195,3,1,8
38,3289,340,2,2,164
36,1954,158,2,3,174
50,3117,44,2,1,164
49,-471,77,3,7,185
31,3052,115,2,2,177
39,31,61,2,4,181
37,33,106,2,1,167
41,666,106,3,3,183
49,5095,127,2,1,157
53,111,600,3,2,189
36,3649,399,2,2,156
43,5670,43,4,2,189
34,1433,111,3,3,104
45,1273,206,2,3,162
32,6982,224,2,1,183
33,3514,214,2,2,184
32,2696,564,2,1,183
31,1887,225,2,1,183
47,3533,319,1,2,100
38,-3,251,2,3,101
35,142,315,2,4,196
39,889,78,2,4,185
58,5618,361,2,1,189
56,12,282,2,1,135
31,314,1341,3,7,178
35,0,197,4,1,30
34,4436,292,2,6,178
43,744,90,4,4,114
32,5252,232,2,2,183
51,4178,167,4,1,174
56,4763,233,4,6,115
36,3202,690,3,2,183
44,4580,192,2,2,189
46,676,825,6,4,174
53,3366,278,6,2,112
57,3499,104,4,3,175
30,111,86,3,1,133
55,6958,325,5,2,192
53,5558,81,6,3,189
35,356,20,5,7,114
45,460,312,3,1,157
31,5691,37,2,1,123
40,87,116,2,4,113
50,2564,124,4,8,113
37,1560,67,1,2,163
50,12519,615,3,1,34
36,62,50,2,2,121
58,5920,96,1,1,121
47,-813,85,2,25,158
39,5222,239,2,1,177
31,3967,859,1,1,182
45,2096,127,1,2,100
31,-405,846,1,2,100
47,0,591,1,1,10
42,2812,46,4,1,171
46,22,153,1,3,197
53,1945,22,4,7,106
32,1261,104,1,1,182
31,2198,423,2,2,172
46,-257,104,1,2,189
33,2481,113,1,2,101
33,255,588,2,2,184
59,7049,530,1,2,163
35,2040,258,1,4,157
30,1718,73,4,2,126
52,1752,346,4,8,123
40,2644,110,2,1,185
31,5,635,1,2,135
32,5267,183,1,2,168
30,239,302,2,8,95
44,701,103,1,2,141
31,159,66,1,1,182
34,966,393,1,3,101
48,4265,327,1,2,192
32,3050,58,1,1,182
49,13818,201,1,2,113
34,3679,146,1,1,101
31,8629,957,1,2,184
53,1777,796,5,1,154
34,-508,144,6,2,185
47,2944,57,7,5,154
52,2455,76,1,1,119
48,1375,73,1,2,172
40,19343,13,4,4,179
45,1738,79,1,2,106
54,230,401,1,2,100
30,274,105,5,2,102
38,1514,160,3,3,120
31,457,283,1,5,171
40,372,365,1,2,100
38,715,140,1,2,185
37,489,202,1,5,106
33,2456,552,3,1,127
45,2220,89,1,2,133
40,-605,79,1,1,171
53,1027,102,1,1,121
35,80,38,2,2,172
41,832,164,1,1,176
50,2497,35,1,1,176
31,3653,252,1,4,168
35,1129,64,2,2,184
33,86,183,3,1,186
31,1166,119,2,1,171
34,5553,798,2,5,182
49,771,264,2,1,172
47,333,118,1,4,113
37,2066,10,7,5,113
40,752,456,1,1,157
40,9374,7,8,1,185
51,11222,126,2,7,171
36,0,109,1,1,189
39,47,28,3,3,158
48,2697,82,1,5,179
38,554,45,1,4,101
36,210,62,1,2,127
39,26,52,1,4,179
33,920,58,1,4,122
39,1601,219,2,2,182
30,-559,531,1,1,184
43,-150,62,2,3,136
43,1440,149,1,1,175
38,505,119,1,2,157
57,2658,107,1,1,190
33,3269,381,1,1,126
33,335,347,1,2,184
32,253,76,1,3,170
47,1059,58,1,1,127
32,2737,44,4,1,182
58,26254,53,1,1,31
40,-616,182,1,2,157
39,158,183,1,2,168
38,1,57,5,1,199
52,2428,294,1,3,116
34,7,94,2,1,199
54,235,353,2,5,113
39,2319,48,1,1,137
41,6687,41,2,3,123
55,2227,148,3,3,172
32,1076,906,1,3,129
40,271,124,3,4,102
45,946,56,2,4,175
37,65,20,10,4,113
32,118,383,4,10,176
52,1065,224,2,1,175
57,3431,55,2,1,189
47,0,85,1,1,198
40,4025,139,2,4,129
32,874,366,3,6,101
31,111,504,2,2,93
41,1539,139,6,3,130
31,144,51,2,11,140
59,10054,175,3,6,100
55,4746,237,2,3,182
55,1580,82,5,1,155
40,0,43,1,2,185
30,9634,402,4,5,101
32,73,158,1,1,135
45,0,173,1,1,192
34,892,177,2,1,184
58,50,675,4,4,171
37,105,197,2,4,157
32,752,82,4,1,191
40,1200,163,2,8,156
52,4793,61,3,2,168
45,302,22,2,4,154
41,2125,285,3,4,116
42,8131,173,4,1,175
34,714,122,3,4,193
43,738,585,4,4,191
37,363,39,4,3,182
55,1241,48,7,5,154
58,1602,1032,10,3,115
36,396,64,2,5,100
33,558,258,2,3,93
31,2085,639,2,4,93
30,817,208,3,4,91
40,877,12,3,6,177
35,538,109,2,4,193
50,4374,163,2,3,113
42,-571,136,2,4,179
33,1903,337,2,3,182
45,392,391,2,2,127
32,3181,118,2,7,176
35,1183,21,3,2,185
33,0,211,7,8,94
42,484,321,3,3,127
50,0,281,2,2,191
34,714,328,4,27,113
41,0,12,5,1,190
47,333,8,5,1,137
37,2173,158,3,1,114
37,3111,9,3,2,185
53,173,412,2,1,143
57,4664,22,4,1,114
46,0,234,5,5,102
37,0,11,3,1,175
38,1063,51,5,2,113
34,2720,147,2,3,179
36,0,72,3,4,29
50,-315,61,7,1,136
50,797,205,3,8,119
59,2143,59,1,1,268
40,378,260,1,2,268
42,759,97,1,3,169
43,87,130,1,2,247
38,316,223,1,2,247
43,323,159,1,1,226
43,626,72,1,2,167
38,67,74,1,2,239
48,651,228,1,2,196
53,392,70,1,1,245
33,-354,104,1,2,245
46,557,148,1,4,197
57,362,91,1,1,231
52,393,446,1,8,182
43,344,282,1,2,238
48,0,123,1,1,204
43,2478,347,1,1,230
52,425,219,2,3,254
33,4012,90,1,4,265
47,1452,181,1,2,177
53,1672,176,1,1,189
52,98,103,1,2,245
58,374,223,1,1,196
54,1129,242,1,8,184
56,-246,461,2,2,204
31,20,304,1,1,71
38,105,158,1,2,265
38,1066,86,1,1,189
51,176,214,1,2,183
44,429,99,1,4,246
53,554,48,1,5,181
60,362,326,1,6,183
35,436,507,1,4,184
52,370,144,1,2,197
48,-295,121,1,2,190
57,1316,221,2,5,182
57,297,120,2,16,154
37,62,252,2,2,268
54,876,66,2,3,198
59,1455,222,2,1,191
44,3463,290,2,3,153
30,732,445,1,1,223
37,417,389,1,5,181
48,547,74,1,2,176
41,1616,229,1,7,184
47,487,218,2,1,177
59,699,98,1,6,154
55,3207,158,2,12,153
49,177,90,1,1,204
42,799,234,1,6,181
56,-528,290,2,2,184
26,0,148,2,2,258
52,1392,1121,2,3,205
44,-199,692,2,3,247
50,-70,391,2,1,191
40,366,168,2,1,205
47,644,54,3,13,160
29,376,49,3,4,183
51,413,82,2,2,254
49,557,145,1,5,223
31,86,100,1,4,170
34,1988,53,1,2,266
57,1504,52,1,2,245
33,459,241,1,2,266
35,-259,381,1,2,247
60,2041,123,1,7,185
33,13,111,1,2,247
32,0,223,1,2,261
46,120,121,1,3,259
36,532,391,1,1,241
36,-290,150,1,3,189
34,673,89,1,2,260
39,272,199,1,2,234
48,133,451,1,1,197
34,557,354,1,1,197
36,36,227,1,6,261
36,313,167,2,1,198
36,498,151,1,1,253
36,319,29,1,1,266
46,521,246,1,3,226
45,-90,128,1,1,192
35,149,99,1,2,245
60,478,139,1,5,171
37,345,344,1,2,188
33,893,259,1,9,259
50,567,50,1,8,258
46,294,444,1,1,196
59,1857,386,1,4,168
30,1422,305,1,27,223
27,254,194,1,1,188
39,547,317,2,4,260
51,0,121,1,2,244
41,1322,58,1,1,266
35,111,55,1,3,195
53,388,67,1,1,247
34,498,84,1,2,251
55,273,84,3,3,183
37,1330,41,2,1,261
28,-97,79,1,2,225
42,299,305,2,2,261
31,424,106,1,2,161
31,732,542,1,1,241
38,-274,103,1,2,247
48,1496,284,2,2,258
39,263,160,1,6,199
34,303,50,1,2,195
53,1405,140,1,1,244
34,16992,71,1,1,245
36,-557,484,1,1,253
33,1345,257,1,3,262
35,1239,112,1,1,195
29,246,61,1,1,265
37,1694,404,2,6,251
44,5418,188,1,5,185
46,660,1026,1,2,259
40,94,121,1,1,245
30,193,326,1,2,244
45,487,117,1,4,163
29,2768,69,1,4,241
41,1141,75,1,1,247
32,160,48,1,1,265
31,1025,93,1,3,254
31,360,89,1,1,241
40,351,338,1,3,254
34,391,77,1,2,265
37,183,51,1,1,258
35,175,219,1,1,246
28,0,379,1,1,192
39,648,85,2,1,240
28,1391,462,2,1,247
59,2365,36,1,4,188
44,149,507,1,2,220
56,420,129,1,1,265
50,2061,197,2,3,244
34,341,136,1,3,262
34,381,83,1,1,262
31,678,249,1,4,259
36,658,99,1,3,227
35,1242,141,1,3,245
26,-402,66,2,2,262
39,1099,211,2,6,245
35,147,41,1,7,184
32,1139,57,1,1,191
53,354,133,1,2,226
38,406,138,1,5,188
45,300,203,1,3,261
34,349,133,2,3,185
55,2923,94,1,2,259
59,671,219,2,5,259
53,367,155,1,2,261
39,208,81,1,2,240
60,-49,188,1,2,261
53,246,158,2,1,247
38,16957,208,1,2,247
28,232,72,1,1,261
40,4168,91,1,3,223
26,155,291,1,4,244
46,-3,79,2,2,265
45,398,227,1,5,246
56,6507,134,1,1,196
28,882,94,1,2,205
40,56,194,1,1,247
58,1298,522,2,4,245
28,527,161,2,1,265
30,-61,111,2,1,196
41,-29,41,2,2,266
32,2213,125,2,7,154
49,145,57,2,38,248
47,-337,243,4,2,161
27,261,236,2,2,247
28,-214,228,2,3,262
57,-676,100,2,1,247
32,317,452,2,2,253
38,531,214,3,7,226
30,9,194,2,2,205
29,370,119,2,5,251
31,0,120,2,2,160
56,29,52,2,1,227
44,488,138,2,11,183
34,-211,135,2,5,184
33,902,207,2,2,247
36,1508,187,2,8,185
26,43,169,3,1,246
28,24,284,2,2,196
33,772,323,2,3,259
57,1016,462,2,5,234
29,1366,90,2,3,245
32,356,56,2,5,223
37,414,293,2,4,162
40,822,155,2,3,245
48,101,414,2,3,192
45,-55,78,3,1,197
27,81,123,2,2,205
31,702,157,3,29,182
37,1120,88,3,5,244
33,303,483,2,1,266
57,77,168,3,2,246
47,1225,191,3,2,227
28,8,389,2,3,254
39,1333,585,2,1,246
31,10,161,3,9,188
49,61,185,2,1,246
33,880,263,3,1,239
39,360,325,2,2,260
54,263,283,4,7,195
35,297,251,3,4,265
26,249,235,3,5,262
31,1724,152,2,1,254
31,442,355,3,3,258
46,-154,150,2,2,247
27,223,253,2,3,192
30,1712,213,3,2,190
36,1053,99,1,1,259
35,6411,144,1,2,266
35,951,163,1,1,254
46,802,445,1,1,189
28,-247,121,1,2,240
49,342,433,2,1,228
59,879,126,5,7,259
29,737,499,5,1,248
35,364,162,3,3,205
35,2144,146,2,2,262
34,1301,196,2,2,189
47,405,236,1,1,260
26,3154,350,3,1,248
31,236,200,1,1,259
33,525,499,1,1,247
29,957,258,2,3,263
54,1555,258,5,2,248
50,0,199,1,1,205
55,851,138,1,2,270
39,1492,227,1,1,189
51,5699,436,1,2,270
52,109,177,4,2,248
33,457,159,1,4,191
36,511,706,1,1,252
36,317,198,2,2,266
52,1355,131,1,1,241
33,22,76,2,1,207
57,2549,456,3,2,197
39,-735,144,5,2,248
45,-61,90,5,1,172
51,0,150,1,1,252
57,1276,44,1,4,200
53,-375,103,1,1,252
37,-175,638,4,1,266
49,163,281,2,3,269
56,2190,90,2,1,232
26,512,206,5,3,239
41,-333,118,3,2,270
31,227,154,6,3,263
46,665,89,4,2,235
31,358,68,3,51,256
41,692,249,3,3,245
33,1071,84,2,4,174
36,265,88,1,1,273
53,660,210,1,2,272
44,294,246,1,2,259
40,1646,215,1,2,242
31,1130,181,1,3,264
46,363,346,1,3,180
47,349,112,1,1,273
37,89,393,1,4,245
32,1,75,1,1,208
46,-179,151,1,2,214
47,129,110,2,2,222
38,757,133,1,1,272
56,218,113,2,2,249
37,520,54,1,2,255
55,5,269,1,2,206
45,1097,174,1,1,208
39,0,731,1,3,193
52,279,72,1,3,203
36,367,217,1,1,221
39,1222,251,1,2,242
44,0,699,1,1,272
53,451,125,1,2,249
26,3244,141,1,1,5
51,1490,177,1,2,199
47,207,244,1,4,271
49,-367,98,1,1,207
37,506,446,2,1,273
40,123,247,1,3,241
45,430,221,1,2,206
48,578,70,1,1,250
45,221,93,1,1,235
58,1103,226,1,4,202
47,332,276,1,1,269
60,358,95,1,2,216
40,97,73,1,1,252
36,-94,185,1,2,252
31,256,264,1,2,201
54,514,109,1,3,186
40,507,134,1,7,266
39,614,166,1,1,258
31,44,200,5,2,175
32,289,63,1,2,257
47,583,495,1,2,258
34,-271,90,1,2,252
38,304,238,1,1,214
38,447,224,1,1,269
40,407,200,1,1,271
56,778,315,2,1,208
36,533,619,1,1,272
60,553,343,1,3,210
56,659,148,1,3,188
37,174,134,1,2,271
53,478,66,1,2,264
45,-75,134,1,1,252
48,51,90,1,1,262
47,15,71,1,4,266
53,798,45,1,2,217
54,534,165,1,4,188
38,-196,60,1,1,271
54,719,242,1,1,264
31,442,69,1,2,270
42,336,142,6,3,195
38,8876,280,1,1,75
31,5,75,1,1,206
26,0,145,1,1,199
37,10,164,1,2,250
38,290,123,1,1,258
55,621,114,1,1,208
33,474,62,1,3,179
40,504,96,1,1,266
34,50,173,1,2,258
39,-145,268,2,2,196
45,474,190,4,4,264
60,174,157,2,1,252
36,82,124,1,4,178
57,11,261,1,3,265
49,359,231,2,1,271
37,59,319,1,1,213
40,687,531,1,1,208
48,303,142,1,4,189
49,147,559,1,4,189
35,630,134,1,2,271
43,1109,115,3,2,264
48,-535,115,2,2,187
43,597,87,1,1,263
38,103,159,1,3,187
31,783,221,2,1,272
32,453,544,1,2,269
37,494,247,2,3,269
60,292,260,5,4,195
32,2004,141,1,1,75
37,230,120,2,1,272
45,1214,150,2,2,189
35,1526,236,2,4,217
56,5838,116,2,2,230
31,3283,258,1,1,73
31,671,119,2,2,175
57,589,223,1,4,76
29,-498,99,3,14,227
38,569,164,2,2,272
43,-247,751,2,4,76
34,4,105,2,1,263
42,477,413,2,3,242
53,598,340,3,2,264
47,1167,139,3,2,73
57,485,79,2,2,187
41,320,844,2,1,252
38,581,223,2,1,272
46,-221,219,2,1,244
46,317,24,7,1,250
37,247,192,2,1,208
35,287,115,3,8,245
58,8266,98,2,1,271
46,1028,96,2,1,208
28,7459,981,5,2,269
35,220,153,4,13,244
37,318,167,1,2,187
31,112,159,2,1,271
45,0,111,2,1,208
42,124,164,2,2,262
36,806,106,2,1,259
54,0,62,2,5,203
49,4961,298,2,1,231
47,1160,117,2,4,221
36,774,231,2,1,259
33,644,124,2,2,271
51,867,177,2,3,211
31,863,146,1,5,263
32,414,236,2,1,272
50,1158,116,3,3,265
37,12939,77,3,9,202
35,1659,149,3,1,215
50,199,116,2,1,253
58,3401,84,3,2,265
41,572,419,2,2,271
28,59,330,3,6,190
47,152,193,3,4,271
31,997,256,1,3,190
35,0,80,1,1,273
32,4471,197,1,2,270
33,390,161,1,1,256
29,222,197,1,23,250
34,883,166,2,3,173
54,2156,261,1,4,195
40,0,561,1,1,201
48,3,69,1,4,252
32,357,133,3,2,77
33,546,54,2,1,270
51,377,143,4,1,272
52,199,373,1,2,236
35,1891,188,3,5,270
31,124,343,1,4,264
49,1403,124,2,2,180
39,661,84,4,4,267
46,-319,80,1,1,256
32,1844,158,4,6,201
33,1883,121,5,1,256
36,1582,26,2,1,197
51,605,91,2,14,159
42,2398,144,2,2,271
34,261,88,5,3,251
46,677,425,1,1,82
52,0,790,1,1,249
31,1331,182,2,1,90
27,-401,205,3,1,214
54,175,94,4,4,271
36,219,22,6,6,196
32,703,489,2,2,271
31,-120,100,3,2,201
43,473,148,3,5,211
42,-97,216,4,5,271
34,586,43,5,2,263
32,272,188,4,1,209
58,629,193,3,2,265
58,0,702,3,9,264
56,2366,538,2,4,188
29,655,225,3,2,270
42,400,198,5,6,244
42,725,124,3,3,252
56,284,124,4,4,204
41,-78,69,4,4,252
50,103,109,4,6,267
33,191,678,4,1,209
53,-211,195,6,2,251
41,-89,195,4,4,251
55,781,112,3,2,270
54,1178,41,6,2,264
45,366,235,2,12,169
32,47,693,7,3,204
31,302,181,1,1,257
59,941,231,1,1,210
51,1328,119,1,1,251
60,4243,387,1,1,251
36,1855,75,1,1,273
38,351,112,1,3,244
52,2281,82,1,1,244
38,308,197,1,1,274
39,105,137,1,2,189
47,243,220,1,4,246
38,221,93,2,2,274
36,0,235,1,1,244
41,201,69,1,1,1
43,392,110,1,2,208
33,0,56,1,2,274
28,0,546,3,4,196
36,376,180,1,3,274
37,496,118,4,3,272
37,895,219,2,1,245
51,2,71,1,3,205
59,4497,213,1,1,251
56,284,177,1,9,197
28,34,16,6,4,268
57,-464,75,1,6,190
32,4,145,2,4,260
39,-980,52,2,1,260
58,1640,72,6,4,274
30,405,128,1,1,274
40,1181,718,2,2,189
38,227,89,1,1,209
37,342,127,1,1,273
42,30,98,1,3,266
58,2142,41,2,3,274
53,1103,101,2,4,250
33,158,110,1,4,264
32,678,1579,1,4,246
41,548,149,1,1,250
45,242,510,1,4,198
32,354,239,1,8,196
54,-200,71,1,1,243
45,1778,41,1,5,251
39,794,71,1,3,243
45,985,156,1,1,267
41,-94,1164,1,1,203
43,372,618,2,2,274
54,7249,102,2,1,77
41,402,604,1,2,204
34,272,287,1,2,201
50,167,346,2,3,191
51,362,108,4,2,272
43,6,58,1,1,264
42,1133,161,4,3,212
32,557,210,2,1,253
33,-241,117,1,1,253
28,458,112,4,3,201
40,6322,459,1,1,272
32,202,429,1,1,201
37,91,283,2,2,273
44,272,219,4,2,205
41,1245,123,1,1,271
52,463,132,6,5,267
34,382,494,2,7,198
53,255,134,2,2,272
34,47,362,2,2,169
32,651,628,2,2,267
56,199,331,2,1,209
40,694,97,4,5,196
43,0,539,8,5,204
50,3284,195,2,3,271
30,357,215,3,4,253
56,1848,147,2,1,260
31,449,140,4,1,252
33,335,891,2,7,177
58,0,304,2,2,229
60,2516,279,3,1,266
27,1600,603,2,1,259
32,1770,206,2,6,188
29,260,453,2,2,273
45,412,45,5,13,265
32,156,82,2,6,246
27,199,108,2,6,195
31,122,157,4,2,268
32,322,192,2,1,272
45,226,170,2,2,212
28,392,214,2,2,259
32,1230,35,3,4,253
31,106,67,2,1,202
27,245,7,7,11,255
46,-191,674,3,3,202
58,-382,398,4,12,189
41,4,232,1,1,211
29,0,16,9,1,253
35,440,103,1,1,248
35,500,177,1,1,252
33,741,283,1,1,260
34,1072,136,1,2,252
32,1066,150,1,9,262
39,994,221,1,1,241
47,1815,105,1,4,253
29,503,433,1,2,199
27,81,197,1,3,199
33,1410,8,1,5,254
59,99,43,1,3,261
30,144,259,1,3,260
32,3322,588,2,2,175
43,587,11,6,9,231
29,549,205,1,2,245
31,1109,642,1,2,167
42,1628,119,1,8,195
34,563,384,1,2,2
30,105,131,1,1,265
32,642,52,1,2,253
30,293,232,1,2,253
54,1544,85,7,3,196
26,101,810,1,1,268
41,-378,361,1,2,253
33,10600,202,1,2,267
35,1557,225,1,1,268
42,-417,81,3,3,273
39,917,161,2,1,258
26,1242,205,2,2,253
28,1820,134,2,1,203
47,1927,130,4,3,275
34,66,102,1,2,170
40,-212,71,1,1,258
33,406,61,1,1,275
57,442,41,1,3,253
54,2253,266,1,1,196
32,1661,76,1,2,209
32,182,277,1,2,169
31,573,58,1,2,269
29,365,72,1,2,274
40,367,89,1,1,274
58,1617,109,4,2,274
55,1765,445,1,1,267
42,315,208,1,2,275
34,0,108,4,3,175
45,858,617,4,2,251
30,79,528,2,1,196
32,2294,342,2,2,260
58,0,1823,1,1,205
40,665,177,3,1,211
27,126,147,2,4,216
48,426,153,2,2,177
42,4279,97,1,1,198
46,157,120,2,1,224
37,95,415,2,2,272
44,1451,80,7,15,80
33,377,213,2,1,276
31,347,254,3,1,260
37,655,127,2,4,258
37,21,89,2,2,252
40,2135,171,5,1,230
43,1022,163,3,2,276
43,375,193,2,4,199
33,123,273,3,4,212
37,111,60,2,2,272
32,158,728,4,1,253
38,19,1130,3,2,251
33,687,178,2,1,273
30,640,124,4,2,213
29,247,204,2,1,214
52,4873,381,6,9,213
30,306,90,6,14,256
35,627,298,6,2,275
49,503,310,4,1,200
31,12857,158,1,1,92
44,310,200,1,1,253
43,479,168,1,2,254
31,1801,136,1,2,274
41,326,163,1,2,182
31,383,119,1,1,214
38,121,168,1,2,212
40,6695,297,1,1,252
35,871,117,1,3,245
37,-254,121,3,2,254
58,443,41,2,1,204
60,-41,1658,1,1,262
37,74,120,1,1,275
28,517,91,3,1,213
60,1139,67,2,2,207
41,0,620,4,4,200
36,417,15,10,3,207
46,718,80,2,1,268
40,638,68,3,2,254
57,-435,89,5,2,273
34,347,154,2,6,197
45,776,232,4,1,253
47,-80,150,3,2,270
54,515,115,2,1,234
35,183,12,7,1,217
47,917,518,3,5,212
38,569,105,2,1,252
49,-268,42,2,5,206
35,6809,139,8,7,273
27,165,1160,2,4,192
42,769,187,2,1,246
33,350,148,7,5,227
55,517,47,3,4,263
58,-37,150,2,6,205
33,10,71,2,1,274
32,-184,129,2,1,197
46,122,1047,2,7,1
33,17946,195,5,1,259
40,451,356,3,1,262
37,688,158,2,2,279
50,859,56,5,7,196
49,474,152,3,1,221
33,347,7,7,13,193
30,243,133,2,2,213
56,0,139,5,4,265
43,130,146,3,1,256
27,539,268,5,2,252
33,0,176,2,2,262
30,3773,75,4,1,258
32,360,175,3,4,259
33,700,126,1,1,88
36,1245,8,7,9,248
39,20,686,5,1,279
46,561,84,4,7,256
48,150,168,2,7,203
54,2047,150,7,6,194
35,-100,13,7,9,272
58,42,96,6,3,264
48,683,144,5,12,209
46,692,388,3,2,257
54,2895,20,2,1,256
28,385,79,4,7,193
37,356,33,2,1,216
34,0,97,1,1,85
36,99,86,1,1,85
37,248,77,1,2,279
38,184,64,2,2,188
51,1347,160,1,1,243
40,5060,154,2,1,93
39,363,67,1,1,209
31,554,80,1,1,6
28,174,56,1,2,184
54,26306,27,1,3,84
31,0,112,4,2,85
37,1314,118,4,3,210
43,36,61,1,1,193
45,2403,147,2,1,84
33,3552,158,2,3,85
54,2960,94,9,1,85
35,188,75,3,5,200
51,195,105,1,1,92
59,1831,122,1,1,92
56,722,134,3,2,94
56,935,112,1,2,227
35,2823,74,1,1,24
27,1187,232,1,1,101
49,503,118,5,5,21
36,725,123,3,8,99
36,6384,59,1,1,101
30,5561,195,1,1,100
50,8345,194,1,1,261
37,708,32,4,3,225
38,5115,99,1,6,102
34,1036,78,4,7,103
60,404,308,2,2,196
53,2693,90,1,1,104
31,883,112,2,1,106
44,483,207,2,6,199
38,1101,78,2,1,120
29,676,93,2,4,224
37,1316,350,2,3,112
34,1674,113,1,7,210
56,1928,61,6,4,115
48,1981,291,3,2,238
37,1045,406,2,1,41
30,8089,232,2,2,294
59,3735,203,4,2,121
34,390,95,2,2,231
38,1988,164,2,2,130
32,1613,253,2,5,129
34,2658,265,1,2,230
32,392,957,2,2,131
39,688,233,2,1,133
59,1035,126,2,1,239
47,398,274,1,2,238
54,1004,479,1,1,307
46,926,463,1,3,133
34,1924,161,2,1,253
45,396,251,4,4,329
58,315,121,2,2,135
49,20727,285,3,2,132
38,715,951,1,3,132
49,182,303,1,2,331
36,4613,320,1,2,134
39,508,598,2,5,135
48,0,146,1,1,267
38,0,477,2,1,267
46,-30,164,1,2,300
35,560,58,1,1,136
58,1,333,1,2,64
35,4348,1074,3,8,217
32,233,77,2,4,133
30,0,293,2,2,314
53,1409,464,1,1,287
40,738,399,2,3,258
57,1631,254,2,3,261
37,489,246,2,6,133
38,-421,187,1,5,332
54,136,352,1,2,332
56,0,353,2,4,227
50,414,707,1,3,302
24,496,297,1,2,323
35,3187,445,1,3,135
31,695,314,1,1,318
34,-60,84,1,1,332
38,275,277,2,1,333
56,3948,484,1,3,135
39,517,240,1,5,136
43,1943,273,2,2,136
28,172,100,14,2,60
42,2249,362,2,6,136
33,1636,105,1,1,136
55,1613,296,1,3,270
49,523,203,1,2,31
48,4459,439,2,1,240
40,2644,235,1,3,133
44,612,1091,1,1,135
39,54,204,2,12,248
41,3123,1203,2,2,135
50,101,43,2,1,326
37,3953,610,2,1,138
43,20,590,2,2,255
40,285,322,1,3,265
54,4736,475,6,5,307
34,2729,945,1,1,139
35,270,332,2,1,335
45,-73,551,3,9,313
33,127,583,2,17,222
38,12926,271,2,1,307
32,393,211,2,2,266
47,1544,104,1,1,312
45,146,294,1,15,305
44,8262,150,1,16,257
30,10152,1108,2,1,270
44,545,122,3,1,136
35,5553,371,3,7,136
40,2133,377,3,1,325
37,1207,1353,2,2,138
37,3943,1138,2,1,138
42,574,357,2,2,327
46,757,342,3,3,256
33,2554,125,3,15,249
41,270,143,1,1,336
33,387,327,2,2,138
43,902,91,1,1,328
33,663,381,1,4,243
36,3508,183,1,3,266
31,625,424,1,1,138
33,706,329,1,1,322
53,1912,210,1,2,253
32,897,293,3,2,322
53,53,208,1,1,140
35,1859,157,1,2,267
31,1601,615,1,3,137
37,1174,436,1,2,140
41,446,93,3,2,140
39,581,620,1,2,39
48,665,271,2,3,230
33,1064,311,1,1,330
35,714,263,2,22,224
43,4990,58,1,10,228
24,5,66,1,1,330
49,1342,253,1,1,140
36,1746,15,1,1,316
36,356,244,3,1,313
44,728,185,1,11,328
41,5,542,3,3,140
40,446,594,4,1,331
38,6994,169,1,2,139
42,233,98,1,4,231
35,2926,182,1,25,292
37,810,376,1,1,295
35,458,2129,1,3,322
55,12159,179,5,4,139
39,217,284,1,4,308
48,4415,1032,3,7,141
34,3404,420,1,5,139
36,1094,291,1,1,335
32,303,150,1,4,267
38,3234,281,1,2,141
40,2310,120,1,1,294
50,-97,425,1,2,306
32,1951,518,2,2,261
44,1807,229,1,1,313
35,1725,180,2,7,254
35,24,169,1,2,231
39,702,303,1,1,300
37,523,171,2,4,139
38,2580,1691,2,3,264
37,248,417,2,3,57
58,5253,162,4,3,295
38,13849,286,4,5,321
32,344,68,3,2,140
33,331,435,2,3,314
36,2730,105,1,1,323
57,1412,89,1,1,330
41,803,592,4,3,316
33,719,448,2,6,316
51,155,220,1,1,142
42,254,241,1,1,336
39,958,141,5,4,142
42,1773,311,1,1,336
32,393,236,1,1,330
34,438,272,1,1,323
35,159,259,2,1,262
51,5131,348,1,2,329
43,275,109,2,2,339
42,0,331,1,4,140
34,1012,353,2,1,163
30,177,62,2,3,332
40,1315,466,2,5,141
43,664,290,2,1,301
55,2408,327,2,1,140
31,900,221,2,6,140
41,3658,268,1,1,330
40,1554,385,2,1,331
34,1847,543,3,6,321
38,-898,345,2,1,323
34,404,208,12,1,337
34,899,627,2,7,141
35,7962,275,2,2,140
36,569,265,1,5,323
39,1161,236,1,1,336
42,1068,444,1,8,300
45,96,348,3,2,256
34,1499,186,1,2,327
52,8180,81,1,1,144
45,946,754,3,6,143
60,252,123,2,3,147
49,8982,470,2,1,334
31,357,201,2,5,228
38,3834,363,2,1,327
43,1288,136,1,1,334
38,1663,217,3,1,327
42,7735,166,1,2,144
41,816,520,2,1,319
34,1116,120,1,5,262
43,515,199,2,1,146
37,897,119,2,2,280
33,215,1058,1,1,17
35,120,269,3,1,328
44,1450,356,1,2,314
41,-456,427,4,1,144
45,237,110,1,1,263
33,0,535,3,1,328
25,1765,111,3,2,326
31,609,1126,1,1,335
33,572,344,1,2,74
37,474,85,1,1,322
54,3136,104,1,1,146
44,0,1594,1,1,148
38,766,461,2,1,335
27,10005,163,3,2,271
34,47,232,1,2,147
43,2273,424,2,3,147
32,574,259,2,3,145
36,325,119,2,2,337
57,1877,225,4,1,319
52,2904,201,6,3,272
52,1944,238,3,2,323
35,5250,343,2,1,146
43,2557,165,2,3,327
32,1129,903,2,2,341
40,1062,389,2,4,299
33,1271,636,3,1,330
46,4105,115,3,2,258
32,674,169,1,3,316
53,8112,75,1,1,146
32,-292,301,1,1,316
31,1131,126,1,6,148
36,1160,56,1,3,323
50,202,107,1,4,148
41,217,375,2,1,344
29,5698,437,1,1,264
38,8381,82,1,1,145
54,2656,1187,2,2,320
32,3981,362,1,1,271
42,2397,239,2,2,320
50,254,397,2,1,337
44,4581,520,3,2,146
38,6158,139,5,9,145
37,3649,623,2,4,146
34,2660,158,2,1,329
34,1393,540,3,3,271
37,876,140,4,2,327
33,1397,370,1,3,146
39,0,137,1,1,300
36,453,176,1,2,330
32,202,827,1,1,149
29,1232,258,1,2,316
33,23663,199,2,2,146
35,1350,185,1,1,330
43,1306,243,1,1,336
32,309,346,1,3,234
41,1597,461,2,1,321
57,5041,284,1,1,336
34,486,204,1,2,328
42,665,291,1,3,332
39,467,232,1,1,335
39,63,479,1,1,330
33,-665,324,1,1,342
31,2530,60,1,1,342
37,345,114,1,1,148
36,3102,188,1,1,147
58,8195,104,1,2,332
33,359,130,1,1,148
52,3469,583,1,1,147
50,825,18,3,1,273
30,726,39,1,3,342
31,1981,198,1,2,268
38,904,361,1,1,339
24,525,253,1,1,332
37,1762,309,1,1,317
39,1957,350,1,1,147
43,1123,191,2,3,322
35,545,1579,1,4,234
25,431,493,1,12,317
39,-17,316,1,4,146
29,10045,617,1,4,322
46,96,99,1,1,148
54,736,268,1,1,331
33,1354,270,1,2,147
54,0,1366,1,1,150
39,691,517,1,1,255
51,0,432,1,1,150
57,207,284,1,4,317
47,1375,272,2,7,321
48,543,152,1,1,336
46,1550,126,2,8,149
33,2441,257,2,1,148
30,445,218,1,2,330
40,31,174,2,6,147
32,528,219,1,1,273
30,26,62,1,1,323
31,855,94,1,2,317
40,644,118,2,1,336
38,614,314,2,1,331
30,818,66,1,1,346
54,3170,140,2,4,324
32,519,317,2,1,149
38,281,235,2,2,335
36,4788,241,2,1,317
36,736,114,2,2,304
36,470,123,3,13,265
37,2848,280,2,3,147
31,319,302,2,2,248
44,2422,399,2,2,269
47,109,91,2,1,268
42,560,122,4,2,149
32,1273,1365,2,1,328
38,2084,71,2,2,330
42,1027,63,2,4,150
33,1036,323,2,2,321
39,2366,1007,3,4,325
32,301,383,3,1,345
38,183,256,3,2,339
32,1167,668,3,1,147
53,3703,104,1,1,267
41,-692,370,3,2,282
35,124,48,4,5,146
47,392,279,3,1,148
31,4457,225,1,4,146
42,611,804,2,5,262
45,2958,580,1,2,317
27,639,119,1,5,314
34,2720,115,2,5,146
42,734,332,2,3,317
44,75,614,1,1,281
53,241,1410,1,2,325
32,932,944,1,1,318
40,750,340,1,1,281
53,1319,427,1,1,150
40,471,1156,1,2,345
37,1594,110,1,5,260
34,872,81,1,2,345
32,8436,245,1,2,149
34,79,193,1,1,329
33,148,271,1,1,150
37,346,390,1,1,316
54,105,226,1,3,326
31,-170,252,1,1,326
33,1940,239,3,2,329
48,191,222,1,1,326
37,590,37,1,2,343
34,0,112,1,3,332
52,98,402,1,2,345
34,1134,408,1,2,329
55,865,85,1,1,151
25,1790,224,1,3,322
36,456,294,1,4,319
34,210,175,1,1,332
33,135,114,1,2,345
33,489,552,1,1,332
36,442,238,1,3,326
37,90,416,1,5,340
38,245,71,2,2,345
30,249,294,1,2,275
34,703,282,2,2,150
33,7,612,1,1,148
36,263,199,2,2,337
38,3242,198,5,1,331
38,35,156,1,3,273
50,512,77,3,3,338
52,1374,267,2,1,322
52,568,246,1,1,317
43,-88,313,1,2,147
31,-163,135,1,2,270
43,-181,351,1,3,337
32,435,456,1,1,331
54,-133,76,1,2,343
38,0,239,1,4,147
28,1065,406,1,1,317
32,294,1095,1,5,274
36,670,122,1,1,343
43,243,31,3,5,338
31,658,268,1,1,270
46,-175,250,1,2,324
54,6525,231,1,4,149
34,329,952,1,1,343
34,598,365,1,1,324
31,578,664,1,4,319
31,223,508,1,11,315
43,214,421,2,24,324
54,551,251,1,2,263
36,543,101,1,2,269
55,1187,113,1,2,319
28,16,268,1,1,333
35,457,69,1,2,322
38,-113,141,1,3,323
34,436,28,1,1,345
41,1010,47,1,1,338
48,1143,264,1,1,317
45,976,183,1,2,338
40,190,139,1,2,346
34,334,139,2,1,318
30,398,132,2,2,238
32,1074,38,1,2,329
30,2,291,2,1,326
37,-90,921,2,3,263
44,887,519,1,2,14
28,437,219,1,2,322
34,21,332,1,3,346
37,9269,71,1,2,149
37,722,362,1,3,150
33,273,181,1,1,317
36,275,89,1,2,332
31,985,997,1,2,57
34,91,144,1,1,281
54,426,74,2,1,323
40,556,234,1,1,323
45,271,245,1,1,343
29,205,218,1,3,340
32,225,574,1,1,150
49,1096,609,1,5,303
39,260,146,1,1,281
38,398,239,1,1,332
31,8295,218,1,1,149
38,5432,707,1,2,149
30,578,71,2,1,317
32,1415,645,1,1,345
42,-256,576,1,2,318
42,115,161,1,2,149
34,1467,113,1,2,332
30,1171,45,7,2,324
30,390,175,1,1,347
34,4963,208,1,2,332
47,683,73,1,1,148
47,385,145,1,4,323
40,572,171,1,1,318
41,445,138,1,1,267
37,3154,404,1,3,305
37,0,362,2,4,315
49,816,76,1,7,260
30,246,191,1,7,150
29,1180,367,3,3,323
41,450,122,1,2,338
38,507,55,1,1,344
32,199,70,1,1,336
38,884,113,2,3,149
36,351,1554,3,2,343
46,85,70,1,1,344
34,520,401,1,4,248
37,3954,238,1,1,331
35,430,611,1,4,270
39,5873,280,1,2,344
35,199,203,1,3,344
24,-220,401,1,1,15
32,671,237,2,3,345
48,266,198,2,1,343
33,-274,715,2,2,329
35,372,202,2,1,280
42,1545,426,3,3,323
58,221,115,2,2,343
52,340,463,1,1,344
27,-116,432,2,1,343
35,528,61,1,1,331
54,641,472,1,2,148
33,2254,130,1,1,148
38,710,196,1,3,346
37,146,135,1,3,336
34,11,22,1,2,150
37,982,127,1,2,282
40,1802,326,1,1,319
34,879,712,1,1,344
30,658,99,3,1,267
32,453,329,1,2,150
35,586,96,2,2,344
29,103,368,1,2,336
33,557,91,2,2,331
41,1380,65,1,1,333
34,165,182,2,1,329
60,381,208,2,4,344
39,625,185,1,2,317
38,194,576,4,7,340
37,539,147,3,2,347
31,1130,224,3,4,74
33,-124,150,2,1,325
30,-280,609,2,2,266
31,102,460,2,2,345
50,1389,300,3,3,302
41,927,239,2,2,148
47,91,473,2,1,339
40,679,642,2,1,304
31,603,185,2,2,319
37,860,818,2,15,332
32,28,598,1,1,150
53,2124,121,2,2,344
35,3487,323,2,1,319
43,9261,273,2,2,254
34,260,20,2,2,238
49,1127,162,2,1,281
40,96,276,2,2,326
29,229,273,2,1,343
39,284,1426,2,6,318
40,119,795,3,2,147
33,90,170,2,2,263
51,216,666,3,3,274
50,12519,146,2,4,147
42,875,426,5,1,148
40,643,74,2,1,256
31,310,334,2,2,240
48,551,1064,3,5,303
32,298,163,2,7,323
31,604,99,2,2,150
36,0,87,2,4,322
36,549,151,4,2,150
36,1949,48,2,3,319
23,28,183,3,2,325
51,1329,150,2,2,287
35,1207,694,2,1,331
30,1012,22,3,1,329
53,5303,320,3,1,180
29,459,202,3,1,318
33,1190,50,2,4,252
32,620,211,2,3,343
37,6889,108,2,1,147
46,864,225,3,7,150
35,1295,952,2,1,73
44,-93,829,3,2,326
33,476,544,3,2,333
46,6993,326,3,1,148
37,235,191,4,9,323
46,9077,427,2,1,337
30,613,180,2,1,302
38,13156,291,4,1,331
37,1127,72,2,1,281
38,3913,196,2,2,315
32,413,95,3,2,341
50,4121,184,2,1,151
42,732,33,1,1,339
31,2289,79,1,1,151
29,1238,478,1,1,341
41,563,142,12,1,348
37,287,73,3,3,325
32,286,60,1,4,343
45,658,406,3,2,270
57,202,207,1,2,346
33,217,198,1,3,339
56,283,89,3,2,341
57,3082,267,2,3,294
46,292,386,2,4,234
40,169,214,1,1,346
34,8038,29,3,1,152
31,71,185,3,6,336
43,101,131,2,3,349
27,2784,153,1,1,328
53,225,304,1,1,340
34,550,90,3,1,346
33,2502,285,1,1,270
31,1664,158,1,1,182
51,14,233,2,1,329
50,341,670,4,2,340
50,221,319,2,1,340
34,1217,142,2,3,328
43,266,79,1,1,152
35,122,49,5,5,328
42,72,124,2,3,348
45,497,72,1,2,321
31,635,37,1,2,320
35,360,24,1,3,152
35,1345,163,1,1,271
39,2299,450,1,1,271
48,0,90,2,1,259
33,15341,335,1,3,334
42,0,72,1,2,154
41,67,185,2,2,150
25,147,59,2,2,322
48,440,611,1,1,312
46,189,45,1,1,154
45,126,92,1,1,342
31,2929,237,3,3,150
34,4958,11,5,2,152
39,18,155,1,2,154
34,13683,92,3,3,321
41,532,414,2,1,285
41,1522,377,1,2,341
31,775,207,1,2,308
32,1819,62,1,2,340
59,258,33,1,1,173
32,4262,246,1,1,152
24,0,83,3,4,306
34,318,40,1,2,150
54,303,240,1,2,349
26,52,271,1,2,300
38,-349,111,2,5,328
34,1161,17,5,1,334
43,1927,149,1,1,152
36,0,240,1,1,326
39,8637,78,1,1,313
36,24,88,1,2,154
44,508,222,1,1,154
55,5253,378,1,19,287
33,151,104,3,6,236
41,1314,159,1,1,326
60,1914,65,1,3,287
37,184,53,1,3,348
41,241,170,1,1,150
59,287,818,2,8,242
29,2378,239,1,6,276
32,3154,96,2,2,150
43,517,138,2,7,263
35,2123,54,1,3,273
54,1827,167,1,1,350
55,462,157,1,3,332
50,2015,715,1,1,152
44,3060,87,2,3,151
40,283,222,1,4,153
42,2717,181,2,2,270
43,314,247,3,2,339
37,43,328,2,2,264
32,2,180,3,1,284
32,3052,253,3,4,151
31,631,211,2,2,152
33,35,87,1,1,322
33,864,170,1,19,235
28,387,205,1,1,82
33,10,129,1,2,322
33,437,199,2,5,150
39,104,116,2,6,332
31,648,153,1,1,347
28,967,174,1,1,334
34,471,247,1,4,332
37,2317,114,1,2,152
29,2269,53,1,1,346
43,3689,165,1,1,321
46,145,113,2,5,270
32,3322,380,1,4,74
32,299,177,2,2,348
48,1060,87,2,3,318
38,0,305,2,1,154
40,2843,223,1,1,305
37,2235,419,2,2,151
30,239,58,3,10,150
45,757,103,1,4,325
58,1430,861,6,5,321
37,264,414,2,1,285
37,250,239,3,1,347
33,187,168,3,1,326
28,293,230,1,3,329
44,3373,48,2,1,342
43,5564,45,5,2,154
46,0,239,2,2,259
38,1205,45,4,1,153
33,328,72,1,9,264
40,481,228,3,1,347
34,745,400,5,4,332
39,2357,64,3,1,273
33,4790,137,1,2,272
37,72,885,5,7,150
35,1011,36,2,1,349
32,472,58,2,2,342
40,1530,8,3,1,315
58,739,304,7,5,335
48,3531,81,2,6,287
33,1002,92,2,4,325
52,1440,270,2,1,325
60,2194,31,3,9,263
38,76,167,2,3,287
46,588,249,3,4,237
30,3313,534,3,3,319
48,3287,242,2,1,307
40,384,200,3,2,327
37,56,46,2,1,285
40,759,32,2,5,266
53,4793,26,4,5,150
32,281,18,5,2,349
36,0,142,3,3,150
57,2087,140,4,1,343
37,504,87,2,2,347
41,8902,16,3,5,249
43,2374,316,2,2,264
27,153,198,3,1,346
50,2420,102,6,13,235
28,7102,156,3,9,325
38,511,190,2,4,342
45,-79,59,4,2,348
29,3331,13,4,2,327
30,20,404,6,1,340
35,1257,93,3,7,329
37,2390,20,2,12,335
44,109,101,4,3,328
34,790,579,2,1,350
34,577,243,2,1,153
38,0,355,3,3,151
41,1384,106,4,4,340
37,1448,196,2,2,283
34,1553,6,6,8,328
38,472,178,5,3,326
32,419,122,3,2,325
38,8669,5,3,6,150
29,123,158,2,1,181
41,1757,314,1,13,239
32,5514,319,1,1,182
33,882,104,1,4,183
45,429,147,1,1,181
53,3754,307,1,2,278
52,0,91,2,1,275
37,0,242,5,7,153
29,224,65,2,3,81
32,2974,227,1,1,4
31,1081,202,5,2,261
29,7707,961,2,2,334
31,4319,153,4,1,161
29,1441,185,1,2,85
38,1970,701,1,1,176
47,1167,968,1,5,87
52,193,381,1,1,269
36,1291,195,1,1,86
51,618,277,1,1,85
47,1230,412,1,1,169
36,96,208,1,1,87
33,158,169,2,2,83
43,279,155,1,1,164
23,0,297,1,6,83
29,697,365,1,1,85
49,3608,252,1,1,168
58,5701,354,1,1,87
48,292,271,1,1,79
33,5969,110,1,7,83
48,11371,249,1,3,86
42,757,354,1,1,79
36,-547,267,1,2,259
42,201,841,1,2,85
35,-312,116,1,1,21
47,677,900,2,2,86
30,398,554,1,2,6
45,706,78,2,1,176
36,24,58,1,1,163
31,1331,297,1,3,86
51,1347,116,1,2,79
35,1750,687,1,3,9
25,2305,193,1,1,86
35,193,565,1,1,13
39,0,53,1,1,325
56,616,225,1,1,83
26,1327,104,1,4,31
57,478,70,1,1,84
55,5399,124,1,3,28
35,994,400,1,2,87
30,1185,284,1,1,339
57,169,319,1,1,86
33,129,482,1,1,161
29,1669,196,1,1,86
42,6060,316,1,2,350
32,696,270,2,2,293
33,55,526,2,3,87
37,630,315,1,1,87
53,1624,284,3,3,84
26,255,457,1,1,80
33,1431,94,1,2,85
32,796,198,1,1,160
30,270,437,1,1,80
25,483,68,1,1,86
36,351,78,1,1,84
31,1599,226,1,2,78
38,613,242,1,1,86
31,2915,228,1,1,86
29,674,483,1,5,13
37,57,96,2,1,84
47,86,387,3,1,87
47,0,81,1,1,164
31,1815,107,1,1,80
34,1228,580,2,8,84
31,620,214,1,1,87
54,2156,258,1,5,86
53,6112,211,1,1,86
25,2354,149,1,7,84
46,699,970,1,1,87
27,3342,761,2,4,330
35,495,266,1,1,87
58,3585,122,1,1,167
47,2749,774,2,1,164
54,527,112,1,3,281
26,2503,121,1,2,63
34,0,300,1,1,86
54,1014,240,1,2,162
58,919,329,2,2,346
49,298,264,2,3,86
47,2173,189,3,5,344
25,1105,195,1,1,13
59,182,92,1,1,86
36,2957,193,2,3,265
45,89,73,2,2,350
33,700,169,1,2,80
54,0,766,3,3,84
31,354,502,1,2,9
32,1246,509,1,2,85
27,73,374,1,1,79
30,305,633,1,2,85
37,6101,60,5,1,87
60,1723,160,4,3,83
27,1444,130,1,2,91
40,1646,392,2,3,91
28,236,193,1,3,87
33,5437,267,1,1,91
31,125,200,1,1,91
34,992,301,1,2,88
33,417,170,2,1,87
41,5060,963,1,3,83
38,902,301,3,1,90
47,335,417,1,1,76
60,4519,136,1,1,91
49,1,1076,3,1,175
33,1636,592,1,1,66
40,-388,195,3,1,340
28,1984,32,2,1,14
31,630,95,2,2,91
44,0,64,2,1,19
52,94,223,9,1,4
22,897,98,4,4,89
60,316,545,2,4,263
39,8876,106,1,2,91
57,738,490,3,1,168
32,1138,214,3,3,83
48,863,412,5,2,350
48,428,347,2,2,167
31,6495,383,2,3,35
29,451,54,1,1,96
26,4683,334,2,1,180
50,346,76,2,1,87
33,-208,306,3,1,360
41,72,130,3,3,312
36,188,1046,3,2,333
33,661,90,4,3,167
40,356,225,2,2,339
35,520,458,3,5,17
33,5151,124,3,5,165
31,0,108,2,1,167
30,2666,781,3,1,89
32,141,78,3,9,89
34,308,79,4,4,269
31,775,99,2,3,14
39,1515,815,6,6,167
24,99,65,3,3,89
36,115,134,3,1,91
34,1076,1121,3,10,88
39,2454,716,3,2,263
43,4056,13,6,2,89
29,369,174,5,3,346
31,12857,483,4,2,87
53,2152,520,2,3,80
34,315,76,4,3,89
39,11766,15,4,1,166
35,2971,429,4,2,164
31,690,10,4,12,87
32,2360,11,4,7,90
36,1227,775,5,3,341
25,4923,78,4,14,74
41,4047,14,5,1,75
47,668,230,6,2,354
33,17946,15,4,6,87
59,514,673,6,1,90
60,5041,8,7,1,181
28,61,226,2,1,319
35,62,214,4,3,15
55,233,813,2,3,351
30,1320,122,3,1,362
37,808,29,4,1,349
33,1373,17,5,2,349
35,-947,148,4,3,362
33,931,272,2,1,336
34,26575,245,6,1,168
47,-246,145,1,2,365
34,2,184,1,6,167
45,4758,632,5,6,287
28,0,334,1,6,355
45,640,214,1,1,1
27,-72,276,1,9,309
31,170,168,1,2,265
41,5766,243,1,3,169
30,0,57,1,1,301
36,80,234,1,4,165
40,710,266,1,2,298
30,80,145,1,4,337
33,0,301,1,1,365
53,431,55,1,1,328
32,12,242,1,2,365
55,2625,286,1,3,252
42,1272,117,1,1,169
35,188,863,1,8,78
52,576,139,1,1,286
43,130,156,1,3,337
35,1,80,1,1,285
35,147,358,1,3,337
30,0,381,1,7,342
26,784,247,2,2,358
25,1141,718,1,1,347
35,2311,659,1,1,167
30,182,143,1,1,364
37,0,108,1,2,349
41,121,456,1,1,287
38,54,236,1,2,287
33,210,84,1,1,167
31,187,241,1,1,347
38,2032,87,4,2,349
57,0,127,1,4,363
40,47,159,1,1,365
28,0,335,2,8,281
27,75,308,1,1,351
39,1372,206,1,1,355
31,196,568,1,7,341
42,3718,42,1,2,272
33,12686,470,2,2,166
47,232,166,2,1,285
33,255,237,4,4,165
40,0,184,1,2,334
32,98,360,1,2,365
41,992,335,1,3,295
32,75,104,3,9,256
44,0,398,2,4,165
37,686,253,3,2,280
37,3043,249,1,1,300
33,415,316,1,4,337
35,1239,60,2,1,347
53,0,246,1,1,344
43,-755,162,1,1,337
54,0,387,2,1,287
47,57,253,1,1,342
35,0,74,1,4,168
35,76,283,1,9,362
51,-463,496,1,3,343
47,769,183,1,2,265
43,0,150,2,2,342
35,27,442,2,3,278
55,-626,369,2,5,278
45,251,304,2,2,259
32,4761,159,2,2,350
30,6432,334,6,5,165
44,0,297,2,1,167
30,6,279,2,2,342
37,176,147,2,1,347
51,914,176,2,3,341
30,-522,670,2,6,286
36,103,122,2,2,344
39,519,180,3,15,166
52,221,178,2,3,363
51,565,157,7,3,250
37,8564,211,2,1,347
42,2152,319,2,1,169
43,305,674,2,4,250
27,3160,209,5,1,343
53,2618,185,2,2,165
45,0,469,2,1,342
43,176,253,2,1,286
31,4888,475,4,2,166
41,440,523,1,2,334
42,96,238,3,2,340
36,7503,193,1,1,335
44,0,408,2,1,350
37,0,74,8,11,351
56,505,221,1,3,169
35,225,160,7,2,343
41,-7,104,2,2,365
37,5436,7,11,1,351
49,8545,199,7,1,167
46,523,105,4,2,366
37,0,149,1,12,13
49,2039,451,1,2,169
52,12,78,1,1,170
60,6271,210,2,5,254
40,83,327,1,6,280
49,489,65,1,1,358
53,-488,207,1,1,342
27,710,653,1,2,334
40,1438,207,1,2,351
36,0,215,3,3,280
30,-1083,401,1,2,336
58,0,293,1,2,351
53,81,178,5,3,352
35,0,343,3,1,351
57,0,62,2,2,273
56,563,100,2,1,168
32,1143,132,1,1,300
36,788,403,1,1,345
37,141,848,1,3,364
35,105,36,1,3,365
43,388,644,1,2,355
40,-606,90,1,1,345
34,-349,208,1,1,365
30,-150,174,1,1,365
40,69,503,2,2,280
33,281,257,1,1,365
27,345,465,1,4,289
24,27,404,1,2,338
32,53,153,1,2,169
28,123,115,1,3,359
24,299,209,1,1,321
35,302,137,1,1,364
53,380,42,1,1,302
49,0,305,1,2,281
26,96,606,1,1,345
30,415,984,1,4,343
29,2,339,1,1,362
40,311,205,1,2,351
30,392,124,1,3,167
44,860,96,2,5,295
32,6402,158,1,1,167
39,0,49,2,3,282
33,-18,244,1,3,359
53,54,123,1,1,169
34,4902,59,1,1,167
37,83,68,1,1,363
28,60,161,1,1,337
23,83,199,1,1,358
38,171,60,1,3,272
47,1481,64,2,3,364
55,1086,146,1,2,272
33,2468,84,1,4,282
37,90,39,1,2,363
31,1016,20,1,1,342
51,106,217,1,5,169
34,0,611,1,1,183
29,751,211,1,5,288
42,-679,159,1,2,343
31,13,318,1,1,166
29,7,51,1,1,179
46,91,29,1,2,356
38,689,585,2,2,296
41,0,184,2,1,323
33,-457,128,1,1,350
50,2405,114,1,8,287
30,5903,231,1,1,363
36,7506,839,2,1,188
38,1255,120,1,4,170
47,31,50,1,1,356
34,827,254,1,4,267
35,80,317,1,1,363
37,102,445,1,2,258
27,2,554,2,1,356
53,28,135,2,1,289
45,728,156,2,1,169
32,752,519,2,5,166
29,183,64,1,2,343
30,3,45,2,2,169
47,-216,197,1,3,282
49,99,687,2,1,343
34,991,89,1,1,344
38,1016,74,2,4,167
29,-803,827,1,9,329
42,1491,203,2,2,334
35,1494,311,1,2,169
44,1872,175,1,3,322
34,339,110,2,2,359
26,37,207,1,2,363
38,4293,92,2,2,250
28,1010,911,1,2,336
36,222,317,1,2,169
48,2597,182,2,1,355
32,3345,118,1,3,260
38,0,79,2,7,166
52,230,198,2,2,170
50,458,116,2,1,363
49,0,445,2,3,166
42,568,311,2,2,341
32,-360,131,2,2,344
33,289,309,1,4,363
47,2303,323,2,1,364
38,-1884,82,2,1,289
35,4401,316,2,4,279
35,272,251,4,2,289
37,0,84,2,3,169
37,-483,222,2,3,168
36,260,167,3,2,299
54,614,322,2,2,343
35,2576,136,3,4,273
37,828,206,2,1,342
36,634,281,2,2,250
27,3096,62,4,1,357
35,355,183,2,1,355
30,313,311,3,1,364
40,34,350,2,1,344
32,-2,103,3,1,168
33,3935,765,1,2,342
52,1988,88,1,1,299
29,486,422,1,1,363
37,1345,74,6,4,169
28,417,523,2,2,363
26,285,265,2,2,342
37,146,82,2,2,356
41,13,358,2,1,306
46,147,116,2,3,169
40,429,222,2,4,363
34,1259,379,2,1,169
48,2,593,2,4,281
31,59,1347,2,1,363
40,326,242,2,2,169
51,318,102,2,2,355
31,-457,270,4,2,366
38,427,17,3,2,169
46,-1400,309,3,4,355
39,1147,232,2,5,363
29,100,152,4,2,344
38,435,437,4,1,345
40,1598,1074,4,3,344
36,-400,362,2,1,307
34,440,445,2,2,345
35,275,157,3,5,254
31,148,232,2,4,167
22,223,268,1,1,344
37,22,28,2,5,289
48,3663,25,5,1,169
36,975,186,2,1,295
54,-864,755,3,5,363
25,10,51,1,1,294
31,253,157,1,4,349
30,-559,98,1,2,167
33,490,31,1,2,363
50,2040,149,1,1,357
36,89,62,6,2,366
28,87,27,1,1,345
34,171,191,1,1,294
56,1854,45,1,2,342
39,968,59,1,6,258
31,874,98,1,2,170
37,343,104,1,7,304
27,245,121,1,2,344
33,-370,261,1,1,345
29,422,103,1,1,363
35,883,333,1,1,351
31,459,623,1,1,293
34,-131,132,1,1,356
56,471,104,1,2,342
35,0,19,1,2,360
35,44,366,1,2,167
54,300,329,1,2,168
32,514,138,1,1,168
34,49,393,1,1,351
32,1291,223,1,1,293
42,1461,757,2,3,170
38,178,184,1,1,351
27,-211,146,1,3,349
37,900,155,1,2,357
32,1210,107,1,4,344
45,1033,177,1,1,357
28,6332,149,1,4,343
36,280,252,1,1,351
41,733,69,1,7,335
41,5907,198,1,5,167
36,0,63,1,3,168
36,-679,172,1,1,93
45,3689,397,1,5,169
39,3,1145,1,1,170
33,494,159,1,2,346
30,187,56,1,1,170
39,0,502,1,2,7
36,4,855,2,1,342
35,544,91,1,2,345
44,-57,234,1,2,356
32,428,93,1,1,363
30,-271,609,1,1,337
33,358,302,1,3,356
37,502,551,1,1,351
23,4659,158,1,4,318
41,6596,192,1,1,168
58,138,143,1,5,346
58,1052,147,1,4,359
47,12839,50,1,4,171
45,29,86,1,1,367
54,6,109,1,1,367
44,78,122,1,1,357
53,913,213,1,1,288
39,-475,168,3,1,301
54,0,199,1,3,297
57,779,282,1,1,367
47,477,973,1,1,366
37,64,219,1,1,295
41,-278,17,5,3,360
30,359,362,1,1,303
29,428,54,1,2,345
37,223,569,1,3,297
58,2745,161,1,2,324
53,1066,57,2,4,170
51,0,158,1,2,300
48,-938,134,1,2,344
32,-307,447,2,2,346
34,558,130,2,5,167
56,72,263,1,4,357
41,322,105,1,2,324
42,2044,155,1,5,282
29,43,142,1,1,353
50,16,290,1,11,356
46,21,124,1,2,338
27,37,125,1,1,364
34,393,174,1,3,293
43,181,174,1,2,343
53,148,66,1,1,359
51,160,136,1,1,359
32,-219,446,6,2,342
30,-388,263,1,3,293
58,807,57,1,2,366
32,489,103,2,4,349
25,51,159,2,2,357
28,15,182,2,1,356
45,-101,101,1,1,301
34,676,156,1,1,177
33,478,349,1,1,338
51,218,154,3,2,363
31,1626,356,2,3,286
44,430,97,2,2,171
32,216,87,2,1,351
40,193,195,1,1,357
28,553,225,3,3,321
37,-1,101,1,1,349
25,758,258,1,1,357
50,766,253,2,4,304
29,0,347,2,6,337
48,368,430,2,2,367
36,441,100,4,1,358
43,1429,1030,1,3,169
31,0,45,1,2,22
36,243,160,2,3,360
53,26,56,1,1,359
40,356,1254,3,1,365
31,0,895,2,2,295
45,54,279,1,1,367
42,2790,425,1,1,336
35,142,266,2,1,168
46,4646,33,3,1,359
38,1513,330,1,1,342
47,77,308,1,3,335
47,618,50,2,3,359
58,246,245,2,2,288
28,-393,247,2,2,349
38,546,437,3,2,351
43,703,96,3,1,301
26,5533,582,2,4,283
28,270,49,2,2,345
43,0,240,3,5,293
33,2,600,2,17,330
56,264,639,2,5,280
34,105,146,2,3,171
51,1854,166,3,2,338
53,2144,217,2,1,342
56,16125,202,2,1,167
39,660,93,4,3,168
31,1664,603,2,2,17
37,490,739,2,3,325
41,348,225,2,2,275
28,-181,429,2,4,343
42,356,787,3,2,356
37,740,434,3,2,342
32,0,388,2,2,349
40,168,249,2,1,169
38,1134,249,4,3,332
37,591,181,2,5,255
33,348,263,2,1,294
46,-154,215,2,1,294
30,3086,84,3,1,168
33,2558,680,2,2,367
35,848,174,3,2,366
29,0,253,2,1,302
45,608,1135,3,30,323
48,60,376,2,7,339
32,626,324,2,1,351
30,86,255,6,3,169
43,146,274,3,2,358
52,0,541,3,5,343
50,26,245,5,2,366
45,-184,878,3,5,170
49,734,42,2,3,324
34,279,208,1,1,357
49,762,373,2,4,360
38,117,54,1,1,337
40,64,873,1,1,293
37,4760,182,2,2,169
40,-607,328,2,2,353
43,9,142,3,3,358
39,2345,491,2,2,344
50,400,41,1,1,360
31,-181,127,1,2,170
39,2749,104,1,1,170
31,7118,795,6,3,170
34,233,11,8,4,365
57,75,159,1,2,361
53,7,57,1,1,368
45,264,113,1,2,360
40,167,380,4,1,295
56,789,1022,1,2,360
56,2313,293,3,2,364
34,1234,106,1,6,288
38,0,84,1,1,290
41,-4,72,1,1,368
34,5945,285,1,1,170
59,6237,63,1,2,169
40,2679,122,1,1,350
56,73,122,1,2,368
31,1144,65,2,1,367
46,716,557,1,1,172
35,0,265,1,2,290
57,28,163,1,1,358
51,74,74,2,2,287
58,950,49,1,1,303
54,19,103,1,1,368
35,156,302,1,3,283
48,1794,97,1,2,343
48,84,14,5,5,364
31,8,98,2,1,170
32,259,158,3,1,354
50,20,57,1,1,303
44,533,153,4,3,171
39,171,153,1,1,353
49,4300,134,1,6,256
57,6005,704,1,6,323
23,0,6,5,2,350
32,1918,318,1,1,172
53,0,86,1,3,298
40,408,80,1,4,322
38,859,52,1,4,302
36,0,346,1,1,368
47,265,144,2,1,368
51,-35,498,1,5,263
44,227,364,1,2,262
31,1090,50,1,1,303
51,203,134,1,5,170
45,972,343,1,3,282
41,0,239,1,2,368
50,-287,92,1,1,347
42,0,88,1,1,360
33,1925,87,2,2,67
38,238,86,1,2,366
36,0,91,2,2,170
44,-204,105,1,2,347
44,1343,414,2,2,287
46,-100,445,2,1,303
37,403,318,2,1,338
40,109,308,1,3,367
35,70,197,1,4,350
42,4,579,2,1,295
41,0,171,1,1,368
47,759,75,1,2,323
37,638,326,1,2,326
45,0,166,1,1,340
42,3279,261,1,1,344
37,88,66,1,2,308
43,0,9,2,5,172
52,26,191,2,1,368
57,830,662,1,1,367
34,268,248,1,9,343
46,245,78,1,3,359
42,258,18,1,1,366
32,0,82,2,4,361
40,287,69,1,3,298
56,935,209,2,1,172
36,0,171,1,3,172
36,1531,81,3,1,170
40,-222,291,1,1,337
40,280,435,2,3,340
40,-516,272,1,2,364
36,535,121,1,3,343
45,-299,154,2,1,350
39,1685,319,1,1,368
49,-202,608,2,5,170
46,-637,218,1,1,172
52,337,247,1,4,261
48,0,85,1,2,168
34,0,325,1,2,170
37,1314,682,2,7,85
46,740,462,1,2,359
32,2696,238,6,3,169
28,430,158,2,2,350
44,293,345,2,1,358
34,1866,134,3,1,185
41,75,103,2,1,344
37,4543,137,1,5,340
31,25,85,2,2,368
31,1,36,5,9,336
44,438,37,3,1,303
38,566,44,2,2,275
57,13,323,2,2,368
31,-209,154,3,2,367
55,481,147,2,3,298
48,257,186,4,11,358
53,4493,286,2,3,168
36,515,104,4,3,252
39,-762,40,6,2,343
50,-470,506,2,3,170
56,39,191,2,5,347
31,49,187,3,2,360
41,2576,296,5,11,361
52,863,224,2,3,170
45,2237,128,3,2,322
40,498,55,2,4,298
47,1374,479,2,3,359
43,490,216,2,2,368
36,23,152,2,1,347
35,387,1024,3,3,347
30,23,129,2,4,359
42,-556,682,3,3,347
39,0,283,3,5,296
36,0,108,2,2,367
32,95,265,4,2,337
34,471,146,3,2,340
52,824,466,1,2,354
36,153,263,1,2,171
38,395,83,1,2,367
44,140,324,2,2,268
39,324,340,2,4,312
41,211,546,3,4,368
44,177,364,1,3,365
42,3018,288,3,2,172
29,572,72,6,1,181
34,140,81,2,1,365
42,714,211,1,5,358
42,256,322,1,1,323
46,1807,62,3,2,339
36,432,61,3,2,255
55,1402,125,2,1,175
43,704,28,2,1,306
57,-34,108,6,2,371
60,-396,443,1,1,350
44,738,55,1,8,171
45,0,64,1,7,362
54,943,194,1,2,340
38,741,363,1,2,343
40,6767,431,1,2,172
47,-59,502,1,2,343
35,356,7,5,12,171
36,483,179,1,2,304
50,284,106,1,3,278
44,985,9,7,19,325
43,221,313,1,2,369
35,4515,66,3,2,173
37,0,108,2,1,306
38,0,580,1,1,173
39,243,128,3,1,371
35,434,277,1,2,271
45,1265,40,8,1,299
41,-109,1038,1,1,370
54,7249,346,1,3,96
41,236,65,1,2,356
29,228,12,8,9,342
49,-212,469,1,1,350
29,477,58,1,1,305
36,866,629,1,1,173
35,873,197,1,2,277
30,948,150,1,2,370
43,580,1514,1,2,284
46,101,422,1,5,364
32,367,214,2,3,276
40,4904,248,1,1,356
39,3047,279,1,2,370
36,-461,254,2,1,353
42,4900,231,1,2,284
33,4789,220,1,4,339
42,-396,80,1,4,308
45,839,340,1,4,264
37,295,202,3,2,265
44,-8,472,1,2,356
51,726,409,1,8,14
41,-312,90,1,1,348
41,419,442,1,3,370
43,-291,277,1,2,301
55,59,51,1,1,305
30,2597,49,1,3,349
39,283,369,2,1,350
31,0,163,1,1,370
43,518,295,1,1,370
47,71,170,1,1,370
54,1252,101,1,1,350
40,-17,474,1,1,256
40,98,240,2,5,343
49,24,701,1,1,362
33,358,231,1,1,350
23,2412,239,5,2,367
35,2048,219,1,2,173
56,150,102,6,1,349
34,-10,216,1,1,370
55,13,190,1,2,300
43,898,405,1,3,174
41,88,105,1,2,336
49,100,143,2,1,347
32,314,18,6,10,172
55,2059,149,1,4,259
37,321,222,2,2,300
38,3049,225,1,1,347
44,0,151,2,2,370
58,3058,114,1,1,368
40,3,154,1,9,305
51,602,347,1,2,284
51,-55,281,2,6,266
39,1403,214,8,2,326
38,493,553,1,7,367
41,306,86,1,2,369
43,-416,114,1,3,301
39,322,35,1,1,350
42,1449,177,1,1,173
32,1145,580,1,4,350
41,1395,85,1,2,308
36,0,187,1,1,174
37,293,304,1,4,349
34,0,66,1,3,301
44,0,78,2,3,264
35,245,134,2,1,370
45,503,313,1,2,369
37,20,207,1,1,370
32,-23,185,1,1,305
37,223,552,2,2,301
33,2366,249,1,2,356
57,5486,86,7,3,285
50,326,124,1,2,369
37,-17,400,2,2,340
37,771,262,2,4,367
27,100,177,4,1,367
52,-178,124,2,1,347
31,2153,239,3,1,172
58,3867,159,1,2,364
58,1301,261,1,2,286
52,540,154,2,2,340
35,-315,330,2,2,368
38,-120,148,1,2,367
43,426,76,2,2,304
38,5293,475,1,6,171
33,142,41,2,5,300
50,199,228,2,2,363
39,381,758,1,2,347
35,0,371,1,1,305
44,254,145,2,3,300
35,-367,77,1,1,350
56,102,267,1,1,369
44,1071,143,3,1,357
37,246,288,1,2,360
33,-331,186,2,3,350
47,1571,261,1,2,369
40,695,270,1,10,348
34,213,47,1,2,343
39,1005,204,1,2,336
48,7985,232,2,1,347
36,0,97,2,1,305
57,124,296,1,12,287
25,931,263,2,4,348
34,395,150,2,8,364
38,0,125,2,2,304
42,-204,34,1,7,361
44,370,128,1,1,369
33,48,400,1,5,173
37,1653,285,2,10,349
57,99,133,2,2,370
39,27,147,3,4,342
34,-333,218,4,5,285
35,313,195,2,3,301
48,222,127,2,1,369
35,244,155,2,1,173
55,154,70,2,3,367
31,1598,152,2,1,305
36,219,270,2,1,347
59,0,437,2,5,361
46,875,269,3,2,353
53,238,238,2,5,361
48,-470,410,2,11,292
35,6,204,2,2,348
49,-18,217,3,4,264
50,388,258,4,2,329
44,-497,115,2,2,370
46,2603,50,3,2,277
45,744,211,2,1,347
51,-1137,567,3,1,325
44,953,772,2,1,357
55,-361,82,2,1,350
37,1165,304,3,7,173
35,151,301,2,6,298
40,4136,508,3,5,173
41,2067,208,4,4,325
50,0,503,3,2,339
34,10,196,2,1,356
56,141,63,2,2,370
43,0,48,3,4,285
36,-185,167,2,2,350
36,109,200,2,2,370
42,218,134,2,1,361
43,277,315,2,1,363
59,146,97,3,6,365
33,310,54,2,1,371
54,0,77,4,2,341
34,0,34,2,12,288
41,-648,104,3,2,172
41,4063,14,5,2,172
58,502,197,2,3,370
41,1734,151,2,4,343
50,8648,731,3,1,176
54,87,20,8,9,350
43,591,123,4,2,277
34,165,99,1,1,370
35,-465,158,1,1,351
34,479,515,1,5,350
40,780,206,1,1,357
41,254,25,1,3,309
55,99,300,1,3,370
32,169,85,4,1,350
37,1655,178,1,2,175
32,146,69,1,1,361
37,1109,62,1,5,354
38,199,1203,1,1,306
55,2102,64,4,1,371
37,0,631,1,1,344
39,25,658,1,3,351
46,278,207,1,1,306
34,7,377,1,1,357
38,1533,366,1,4,172
30,112,451,2,2,349
53,545,305,1,1,370
47,216,104,3,2,371
54,349,176,2,1,175
43,1076,223,1,1,363
33,1034,23,6,6,295
41,598,69,3,11,364
36,687,43,1,2,347
43,323,43,3,2,369
60,-134,243,1,4,271
29,135,245,1,1,356
40,1194,517,1,2,173
41,1535,261,1,1,363
38,1616,168,5,3,288
40,106,23,1,1,370
30,265,342,1,2,354
43,188,58,3,5,347
43,24,68,1,1,363
39,476,212,1,4,349
37,1573,639,3,10,326
43,-404,205,2,1,306
47,311,238,1,3,301
53,218,27,6,12,344
49,666,337,1,6,309
41,277,152,3,2,351
32,522,272,5,4,258
44,103,79,1,2,329
30,-158,426,1,2,370
34,-53,196,2,1,357
46,66,211,1,3,364
49,425,816,1,4,342
42,-411,78,5,3,292
45,0,36,3,5,172
55,859,148,6,1,308
36,339,279,1,1,354
52,3029,65,2,2,285
48,162,83,1,4,368
51,480,189,1,5,326
28,242,256,1,1,349
37,1543,451,4,2,85
27,498,191,1,3,369
37,342,340,2,1,175
39,5073,1182,1,4,286
36,69,61,2,3,369
51,42,51,2,3,342
39,607,454,2,3,364
32,1787,87,4,4,357
33,2858,175,1,5,298
45,353,204,1,1,364
37,-251,146,3,1,370
37,3420,77,1,2,301
36,5,396,1,3,172
32,0,549,1,2,368
37,42,107,3,4,369
39,0,561,4,3,369
47,367,309,1,4,306
42,0,139,3,4,361
59,92,139,2,1,350
35,855,549,1,1,300
26,38,119,1,5,294
40,1547,88,2,1,173
36,300,57,1,1,342
34,210,211,2,1,173
29,13186,322,1,2,350
35,10,357,1,4,175
33,-417,337,1,5,347
51,1164,100,1,2,369
29,-70,146,1,1,356
35,68,334,1,6,347
30,0,271,1,4,349
35,0,95,4,1,357
40,0,223,4,3,258
40,419,92,1,1,369
56,373,179,1,1,350
44,887,165,2,1,363
41,3652,127,1,2,363
37,-38,165,1,2,175
37,335,107,2,2,368
31,2581,240,1,2,365
46,804,1063,2,1,361
52,-637,161,5,2,174
41,139,178,3,1,370
49,1598,76,2,1,348
33,-634,163,2,1,350
44,870,118,2,1,369
59,1575,301,3,11,263
46,4170,118,2,3,357
54,143,278,2,5,309
50,5816,217,1,2,175
47,1044,208,6,1,371
36,98,415,1,1,344
33,-15,326,3,2,350
50,15,173,2,7,350
40,-50,306,2,1,350
40,1116,350,5,2,286
40,1411,224,2,2,357
40,327,474,2,1,357
40,9110,234,6,3,174
49,5058,255,2,4,357
30,190,29,2,1,370
43,422,181,2,1,300
43,-25,254,4,2,365
25,1116,85,2,3,71
33,204,142,2,3,357
41,5560,280,2,3,335
31,-199,149,5,10,299
49,108,288,2,2,350
59,145,556,2,13,287
31,2592,349,2,1,174
45,677,253,3,2,334
46,984,181,4,5,369
55,167,178,3,7,357
39,5092,206,2,6,329
58,1153,206,6,6,337
52,752,339,4,2,347
43,555,175,2,2,369
38,5733,173,8,4,278
48,201,242,3,2,371
60,-247,472,2,1,351
46,1583,175,5,7,278
37,807,807,3,4,172
33,422,235,2,2,361
43,250,144,5,16,342
38,12130,455,2,13,328
40,949,285,3,8,287
38,1455,101,2,2,356
34,1309,456,2,1,364
40,332,339,2,3,369
32,933,147,4,1,307
40,1397,58,2,1,334
46,404,1388,7,2,347
42,402,31,7,17,330
35,399,496,2,3,345
28,-302,152,4,3,366
42,2835,61,4,1,350
46,1410,91,5,9,175
57,13,164,2,2,366
39,800,53,5,6,175
29,154,20,6,9,358
38,876,5,7,4,355
31,253,82,5,4,355
36,1088,77,2,2,345
42,-141,211,3,3,345
43,3,26,1,2,174
34,7263,38,1,1,37
57,-663,210,1,2,351
33,20,259,1,3,370
40,406,130,1,1,371
55,918,87,3,1,364
36,319,774,2,1,301
33,17,74,1,1,351
40,82,135,6,5,370
32,7444,22,1,1,370
46,512,32,1,1,301
34,412,217,1,2,287
51,516,370,1,1,363
30,115,152,1,1,351
32,481,150,3,4,174
38,864,364,1,1,348
28,431,68,2,2,363
38,61,109,1,8,359
33,312,23,1,3,359
31,397,134,1,7,350
42,-581,224,1,2,370
32,413,67,1,1,365
37,393,95,1,1,357
37,719,118,1,1,365
28,-2,172,2,5,364
50,2809,200,2,9,259
36,2151,134,1,1,370
51,40,79,1,1,370
50,100,157,1,3,299
23,14,19,8,1,358
33,1905,39,1,2,301
39,807,69,1,6,260
58,6004,133,1,6,274
35,1831,96,2,2,358
55,2171,318,5,1,176
35,233,66,1,1,176
31,131,294,1,1,370
55,-636,15,5,3,348
33,221,669,1,4,355
33,219,93,1,1,301
30,975,256,2,2,351
42,2157,149,1,2,364
50,0,131,1,2,364
38,3715,41,2,17,327
32,50,275,1,2,370
28,451,302,1,1,301
41,340,262,1,1,349
36,828,1512,1,8,345
45,58,119,3,3,371
32,2137,423,1,1,349
50,953,315,1,2,364
32,1503,44,1,2,278
43,497,66,1,22,363
33,350,205,1,2,350
34,2764,158,1,1,357
52,7180,276,1,1,364
50,246,234,2,5,299
39,3419,155,1,5,327
27,0,363,1,3,359
42,1080,951,3,4,370
50,7317,172,1,1,370
27,268,528,1,2,358
38,18,296,1,6,366
35,247,114,1,5,352
35,34,249,2,3,365
52,33,204,1,3,331
36,413,60,1,1,176
42,759,80,1,10,343
37,596,281,1,2,345
29,0,155,1,1,351
28,584,354,1,2,370
32,1779,191,1,2,342
35,577,55,1,1,364
31,387,228,2,1,370
32,309,185,1,3,370
44,186,152,1,1,370
44,1311,184,1,1,364
35,455,573,7,3,327
31,623,96,2,5,349
37,1852,117,2,1,370
44,25,201,1,7,344
43,171,96,1,1,364
25,1954,66,1,1,351
53,8892,177,1,1,174
34,76,747,2,3,371
47,-49,14,6,23,327
36,52,152,1,1,348
50,216,137,1,2,369
51,3185,154,1,2,174
28,65,165,1,1,300
47,-287,201,1,3,348
32,28,88,1,1,370
36,55,38,2,4,369
31,1127,43,1,1,349
59,771,125,2,3,370
36,481,215,1,3,175
32,416,290,1,2,176
38,3344,143,1,5,352
40,-378,541,1,6,295
34,7063,309,1,9,350
37,0,54,1,1,300
30,341,54,1,1,174
41,158,426,1,2,50
44,338,133,1,1,370
33,162,135,1,2,364
30,396,366,3,2,348
32,1670,223,1,2,299
37,1040,199,1,2,173
47,-169,234,1,3,349
43,484,180,2,6,173
34,0,68,4,3,357
59,-91,239,1,5,369
37,513,134,1,3,362
32,1804,122,1,1,355
37,0,109,1,1,344
37,198,156,5,2,369
30,236,44,1,1,364
40,282,240,1,1,300
44,-228,38,1,2,362
27,79,201,1,3,369
51,-13,361,1,1,364
35,1396,809,1,1,300
38,780,262,1,5,343
35,1546,156,1,4,174
39,4741,166,1,10,338
51,-19,829,1,11,296
35,0,291,8,1,293
43,47,163,2,1,370
36,181,159,2,4,278
55,1691,358,2,1,174
34,467,195,2,2,357
44,388,246,2,2,370
40,125,119,2,1,370
33,5550,124,2,4,278
47,846,85,2,2,370
37,72,98,2,1,370
40,528,340,2,5,357
37,426,323,3,3,345
53,-1112,53,3,1,308
33,410,396,2,2,355
41,471,954,2,4,293
38,0,537,5,2,303
57,408,402,2,1,351
39,9618,94,2,1,338
44,33,195,3,10,351
37,-308,168,4,11,310
45,577,154,2,3,350
37,1328,121,2,4,341
42,-336,318,3,2,303
35,712,255,2,5,264
39,93,196,2,3,331
60,0,65,4,6,350
47,6150,444,2,2,174
46,5461,562,2,2,174
50,-54,698,2,1,292
49,2409,272,4,2,293
58,4152,76,7,6,13
57,25,378,2,1,359
46,1103,185,2,3,278
42,47,222,2,1,370
56,84,65,2,1,370
35,9,84,2,2,364
45,809,155,2,4,363
51,107,99,2,4,369
34,39,254,2,3,299
51,1203,25,4,7,350
40,104,277,2,2,343
37,68,151,2,1,351
39,0,513,3,2,176
42,108,225,2,7,365
32,335,240,3,1,370
35,298,135,2,2,370
40,830,873,3,2,370
31,1510,72,4,1,176
38,1354,364,2,4,343
49,4976,36,9,1,173
35,-255,196,3,2,265
32,-446,126,2,1,344
42,83,300,5,6,358
35,78,630,3,3,371
47,897,48,4,2,176
28,5,178,2,3,360
26,130,24,7,1,302
31,22546,8,6,4,267
35,568,119,2,1,293
32,822,19,8,6,366
47,120,18,6,11,365
39,0,11,15,38,261
44,206,78,1,1,365
44,130,263,1,1,371
36,437,722,2,1,344
33,1615,178,8,3,174
49,-205,6,6,1,309
34,529,325,1,3,351
33,223,15,11,4,352
27,1028,580,1,1,329
26,619,720,1,1,352
37,241,189,1,1,371
31,179,365,1,1,351
32,13711,638,1,3,175
52,2216,161,1,8,332
32,-133,119,1,2,352
32,6145,362,1,13,287
35,-566,151,2,2,353
39,49,566,1,2,370
29,25,244,1,2,343
31,125,201,1,2,350
31,328,414,1,1,175
31,554,317,1,5,352
44,500,86,2,2,304
32,1914,532,1,1,358
38,66,51,1,7,365
36,869,102,1,1,350
43,117,73,1,1,370
56,828,214,1,1,349
26,66,451,1,3,339
31,17924,745,1,3,174
55,8180,854,2,1,360
44,275,7,5,4,367
37,720,365,6,3,36
40,270,255,2,1,345
43,62,133,1,3,300
35,3863,125,1,1,175
35,-146,279,1,1,266
35,4963,456,1,1,300
31,8781,680,1,1,177
28,373,10,9,1,344
29,6429,535,1,2,352
29,913,188,1,2,352
38,1211,498,1,1,358
53,146,149,1,1,370
50,-581,877,2,5,345
48,-407,210,2,1,352
54,1139,155,1,7,177
31,183,258,1,1,300
55,366,161,1,1,364
29,21,107,4,3,371
48,214,307,1,2,177
42,22,116,4,1,365
25,963,230,4,1,301
55,785,47,1,2,370
42,718,201,2,2,365
33,687,72,2,1,370
30,43,91,1,2,370
40,3705,23,1,1,332
30,15,524,1,2,370
46,431,157,4,1,367
60,1407,112,1,1,370
34,175,50,2,2,364
29,231,1075,1,1,14
37,5957,64,3,2,177
41,580,874,1,1,363
31,7567,287,1,2,276
51,708,391,1,1,364
26,468,221,2,1,364
47,1934,225,1,1,364
36,1825,24,1,1,346
36,-206,419,1,4,360
42,171,135,1,5,176
45,276,586,1,1,364
34,273,492,1,2,175
39,-220,282,1,2,352
33,60,74,1,2,290
33,-149,111,1,3,296
33,287,97,1,8,358
31,23,97,1,1,370
44,1342,112,2,2,370
53,261,154,2,2,336
36,1354,1723,1,2,356
52,482,162,4,1,365
42,1179,136,1,4,337
48,65,146,1,1,370
33,249,7,7,4,287
28,58,16,6,1,351
35,221,150,1,1,360
27,-330,88,1,2,353
45,87,96,1,3,360
34,28,175,1,2,358
38,89,71,1,10,360
23,650,136,1,4,367
56,-256,92,1,2,370
39,-100,159,1,2,358
35,478,107,1,2,265
47,881,143,1,2,370
46,130,106,1,1,349
32,15,226,1,1,346
25,1235,64,1,3,349
28,335,256,1,3,322
42,1563,164,2,1,364
43,2567,109,1,2,360
35,336,191,1,2,346
54,-473,239,1,2,351
55,1545,59,1,2,345
32,499,182,1,2,339
40,-79,396,1,1,370
35,222,165,5,7,177
36,-267,99,7,1,352
31,0,117,3,3,352
29,891,172,2,1,352
40,105,143,2,2,370
35,246,157,2,5,345
37,561,632,1,2,339
40,2258,115,3,2,287
57,739,172,2,1,364
31,953,479,1,2,346
43,479,293,2,2,370
38,1407,169,3,7,174
49,1039,156,2,1,178
59,5788,56,2,2,350
33,43,332,2,2,358
32,-575,24,6,9,346
33,405,99,4,1,353
29,64,444,2,3,366
50,124,367,2,19,289
37,2079,299,1,2,360
27,218,1462,2,1,352
38,1731,162,2,4,350
31,392,465,2,1,360
27,806,304,2,21,332
55,338,8,4,5,300
43,30,60,5,2,371
31,233,241,2,10,365
31,581,303,3,3,174
41,200,353,6,2,373
39,-143,93,2,7,349
47,676,204,2,3,364
54,-135,152,3,2,370
30,315,884,3,4,346
56,309,198,2,4,367
35,650,241,2,2,349
55,-219,427,2,4,364
30,303,176,2,4,365
46,24598,118,4,3,374
26,681,336,2,3,322
41,783,135,3,2,363
35,911,136,2,7,175
36,994,154,2,8,356
47,-169,172,2,1,310
40,2805,173,6,23,353
55,-288,62,4,2,352
47,355,144,3,1,366
42,343,33,7,7,365
31,2030,168,2,2,351
49,584,167,6,1,365
46,1291,142,3,17,259
48,430,340,3,8,371
39,522,225,7,2,350
38,215,115,2,2,175
42,191,382,3,1,371
29,59,100,3,2,356
52,751,165,4,5,371
36,568,140,3,2,364
35,-167,195,3,1,359
33,101,235,2,4,361
26,787,68,2,1,371
30,317,165,3,5,294
40,602,145,4,7,360
39,164,26,6,2,373
42,146,670,4,1,346
57,530,10,7,7,360
47,175,236,4,7,262
30,872,61,1,2,298
42,680,306,4,2,365
30,28,778,5,1,301
27,500,16,6,6,365
32,-538,233,1,1,353
43,28,136,1,1,176
36,577,33,1,1,298
31,0,56,1,1,176
28,511,274,1,5,319
44,36,551,1,2,371
25,541,607,1,4,344
34,176,67,1,5,368
21,-172,409,1,3,361
47,1480,144,1,1,365
41,793,123,1,1,365
51,0,60,1,7,343
34,-257,160,1,4,368
56,-40,311,1,2,368
23,3198,224,1,2,352
33,7419,21,8,29,331
33,849,128,2,5,291
57,334,169,2,2,365
26,77,619,1,4,340
35,85,213,1,1,364
31,122,49,1,1,364
39,1102,124,1,3,357
29,368,345,1,7,310
40,192,16,8,5,351
38,4312,67,4,6,175
60,174,241,1,1,364
42,156,7,4,5,371
57,179,67,1,2,368
34,11350,153,1,1,176
33,1996,72,2,1,178
37,-59,169,1,1,352
34,4782,160,1,1,277
33,1156,612,1,2,177
37,222,7,6,1,357
32,388,58,1,2,266
28,769,153,1,2,371
50,226,98,1,5,330
35,712,192,1,3,347
24,145,520,1,1,345
31,290,148,1,3,291
33,217,132,5,5,304
27,484,210,1,2,361
43,-1,51,1,2,311
36,391,185,1,8,350
31,178,415,1,5,360
31,699,282,4,4,277
47,1474,77,1,3,368
30,-228,101,1,1,371
31,-256,272,1,5,365
33,1211,39,1,4,361
39,10,23,3,10,346
45,-497,217,1,1,176
51,94,77,1,4,297
35,534,669,1,3,312
42,-106,495,1,3,347
32,2597,233,1,1,368
28,1372,48,4,1,298
27,1531,187,1,4,367
35,1265,326,5,4,179
32,1531,58,1,5,352
37,851,151,1,1,352
31,4561,301,1,2,274
26,276,106,1,4,368
33,1138,122,2,4,343
26,641,55,1,1,368
35,705,177,1,3,361
53,210,984,1,1,368
31,685,552,1,3,329
32,-341,339,1,3,345
29,710,51,1,2,345
35,-89,75,1,1,368
56,276,301,1,1,368
27,-74,151,1,1,345
32,1987,36,2,2,176
39,3165,56,1,2,368
23,-295,411,1,2,323
29,213,174,1,1,361
28,-267,145,2,4,329
25,171,178,1,2,359
35,8903,171,1,6,175
45,900,26,1,1,340
33,-198,256,1,3,359
58,260,71,5,3,364
32,2,16,9,1,309
41,526,229,5,4,268
29,6567,792,2,1,298
25,691,333,1,2,330
34,2994,358,1,1,176
39,2139,576,4,1,371
44,167,79,2,1,373
53,50,669,1,3,337
27,311,50,1,1,352
39,680,135,1,2,361
33,142,87,1,1,368
29,722,78,1,1,359
32,6042,183,1,1,361
49,132,98,1,1,350
54,582,693,5,2,372
29,80,15,5,1,361
34,-285,192,1,3,276
28,217,238,2,1,372
39,-650,123,2,1,364
52,134,81,2,3,295
37,1175,102,1,2,333
29,339,63,3,2,354
41,6000,217,6,1,178
32,2198,463,1,4,175
30,95,220,2,1,298
39,12,500,2,2,352
41,2002,172,2,1,350
58,5431,327,3,1,374
41,2550,894,2,2,347
31,728,152,1,4,352
28,-215,188,1,3,360
50,181,119,4,3,372
33,1,67,4,3,178
41,2399,303,2,2,351
39,315,259,3,3,353
25,507,832,1,3,367
23,8627,169,1,1,346
21,66,31,1,2,330
28,372,201,3,2,294
44,-101,679,1,4,366
27,940,141,1,3,343
41,2540,82,2,1,366
48,480,830,1,2,352
40,2574,432,1,1,176
26,17,86,2,2,367
29,940,757,1,1,330
25,1919,264,1,4,351
31,-1,99,1,1,352
30,3,42,2,1,297
49,1230,167,2,3,373
31,527,98,2,1,359
29,-114,132,2,2,359
56,-458,406,4,3,296
34,390,372,2,2,371
34,2360,137,2,1,176
45,-407,320,3,2,371
59,671,57,2,3,332
52,29,223,2,1,298
29,949,109,2,1,352
57,225,22,7,12,337
36,148,1357,4,2,374
30,624,212,2,1,368
30,1395,199,2,1,354
55,841,140,9,4,372
33,2044,102,3,1,177
33,1293,245,9,2,373
44,-97,197,3,4,288
40,-1212,1259,2,18,333
45,-1621,8,2,5,346
44,532,550,2,2,340
41,90,77,2,4,347
30,-910,124,2,1,298
39,1674,12,10,1,178
54,-394,895,5,2,365
56,751,43,8,5,177
28,118,376,3,1,368
60,14,781,4,3,178
30,891,340,2,1,368
31,1803,350,8,1,360
28,-208,136,3,2,359
24,290,80,3,4,368
35,1780,306,3,9,347
45,116,16,5,1,365
32,337,51,3,1,368
29,422,69,3,2,361
33,1423,333,2,3,364
25,366,102,2,2,364
32,6248,64,3,2,371
41,30,101,4,6,291
45,72,262,2,2,352
33,5,934,2,2,368
39,11971,75,10,5,179
35,-56,162,2,3,361
34,3160,22,8,13,331
44,-234,71,3,1,347
34,-297,92,4,3,353
32,9714,1237,2,2,361
37,2120,655,3,4,175
46,-119,138,2,3,297
36,2278,200,3,1,298
41,5745,69,3,1,357
45,1378,25,5,2,372
37,625,68,4,2,359
29,252,1223,3,1,371
38,341,136,3,2,346
40,952,126,2,1,333
43,-67,137,7,1,371
27,1417,143,2,3,343
29,-219,85,3,2,368
51,297,415,4,1,375
50,358,315,3,3,367
39,-529,22,8,5,175
42,686,1326,6,3,175
28,1518,204,3,3,359
44,3684,31,5,3,179
27,3672,157,2,5,351
43,46,38,7,6,332
33,930,163,5,1,359
33,-258,158,2,2,352
33,-63,126,2,1,350
42,-378,11,7,2,330
35,205,1313,7,1,312
32,6542,1598,4,5,175
24,1690,543,3,3,350
32,91,126,2,2,356
54,1777,13,5,6,178
38,4335,157,7,1,179
40,-21,68,2,3,368
34,-303,17,5,2,355
57,1521,102,2,5,178
25,-141,113,2,2,348
29,-493,536,2,4,334
49,490,19,5,2,364
30,-28,284,2,1,371
33,523,18,5,5,360
28,2486,26,5,1,354
30,1022,97,2,1,298
38,1559,22,6,10,179
35,305,7,7,25,367
30,0,131,6,9,363
31,1447,236,3,15,178
40,2040,906,2,2,350
36,507,264,1,2,300
54,215,34,7,5,348
29,-95,164,1,1,370
36,145,450,2,2,304
31,-449,197,1,2,355
28,1636,97,1,2,355
32,477,87,6,5,178
34,3868,134,1,1,350
32,33,125,1,4,368
32,347,213,1,6,264
32,545,192,1,1,180
33,2667,57,1,3,180
43,714,16,6,28,362
32,230,442,1,8,266
32,-33,158,1,3,355
25,845,217,1,1,370
30,1450,298,1,1,355
27,54,97,1,1,370
36,1163,420,7,1,363
41,4903,155,1,2,180
33,964,97,1,3,180
33,4996,15,9,2,363
35,2490,170,1,3,180
27,-579,220,1,3,367
31,62,175,1,5,293
32,396,88,1,1,364
53,1162,185,1,1,178
43,-480,1126,1,6,350
42,961,10,6,1,354
40,285,261,1,1,178
42,429,110,1,1,370
27,565,170,2,11,346
37,-100,108,2,2,349
29,305,18,4,1,304
31,239,666,1,1,360
41,1967,115,1,1,341
27,876,268,1,1,355
36,1496,40,1,4,269
26,330,156,1,1,348
30,438,98,1,1,178
23,279,843,1,1,370
32,-489,93,1,3,180
35,1092,132,1,1,360
33,1659,133,2,6,353
27,8,398,1,2,370
31,1374,290,2,1,370
29,460,191,2,6,357
29,22171,44,1,3,355
48,-480,380,2,1,355
33,48,164,5,3,294
33,47,47,3,3,178
58,1859,277,2,5,264
33,8047,202,1,13,263
32,97,165,2,1,364
30,168,229,2,1,355
23,356,224,2,2,356
45,2353,435,7,3,74
38,49,43,1,2,367
37,117,125,3,4,350
55,0,616,1,1,370
32,92,110,1,2,315
32,3950,232,1,1,178
34,-90,20,1,1,370
47,2269,132,1,2,279
36,1015,1008,1,2,347
32,3540,213,1,1,178
27,409,276,4,2,301
29,468,37,1,3,370
29,40,105,1,2,355
30,694,599,1,4,306
45,-357,618,1,2,355
27,21,336,1,1,356
53,273,248,1,2,279
21,2764,78,2,2,354
47,536,778,2,2,336
39,471,61,4,1,362
26,154,1010,2,2,356
34,1068,46,6,2,378
34,4254,104,3,1,178
44,777,517,3,2,350
34,392,180,3,1,360
32,-454,801,5,2,355
44,429,35,3,32,349
28,1609,98,2,3,315
44,59,9,4,19,341
27,528,267,2,2,311
35,164,11,5,13,364
38,1560,9,2,3,178
30,1336,13,3,5,355
54,451,42,4,5,280
28,3,40,8,6,349
36,23,69,2,2,333
30,778,22,2,2,346
35,-292,166,2,6,272
29,219,76,2,1,356
33,139,732,2,5,291
31,-241,333,2,1,355
33,1279,239,2,3,349
29,101,295,2,4,355
29,318,1434,2,4,356
37,16,488,5,2,336
34,355,189,3,3,348
34,1657,566,2,4,356
35,181,217,4,1,301
29,1958,112,4,1,349
34,393,222,4,1,355
59,47,110,3,1,374
26,-350,80,3,3,329
43,487,54,2,4,279
38,5643,106,2,1,362
45,14,8,9,5,353
36,90,50,2,1,360
48,5306,66,2,1,368
47,57,72,3,4,369
29,596,172,2,6,346
34,463,11,11,4,360
26,172,410,3,3,354
34,118,53,4,2,262
39,6,122,3,4,357
31,-98,9,3,7,362
31,500,184,2,2,350
27,1842,687,2,1,300
40,592,80,3,2,350
47,-121,167,4,4,314
49,1150,126,2,1,355
40,198,214,5,8,364
46,116,267,4,3,341
38,-242,1173,3,6,278
29,79,27,4,2,356
35,719,1359,3,3,368
38,976,32,8,3,308
29,497,642,3,6,298
46,6651,114,1,1,60
42,366,324,1,1,106
45,397,582,1,2,95
32,1625,796,1,1,109
33,81,104,1,1,186
30,877,122,2,3,108
39,2266,86,1,4,93
43,3274,680,1,1,95
37,1314,74,1,9,14
49,377,158,1,2,59
37,1543,298,1,6,10
28,5916,259,1,5,63
39,0,271,1,3,93
58,720,250,1,4,94
43,2145,271,1,3,183
39,622,181,2,1,184
54,511,264,2,3,94
26,620,223,1,1,94
44,2981,106,1,2,101
43,7702,460,1,2,95
27,3733,198,1,6,98
46,1381,115,3,1,379
42,5310,545,2,1,186
28,1532,253,1,5,107
31,554,97,3,2,103
43,733,282,1,3,187
54,258,86,1,1,88
33,2583,241,1,1,108
60,439,464,1,1,321
26,5169,397,1,2,35
36,1379,189,1,1,186
28,0,269,1,2,40
56,281,185,1,2,83
30,156,157,4,5,363
24,167,288,1,2,96
38,93,74,1,4,272
30,1165,205,1,2,35
31,8626,159,1,1,111
37,900,116,1,3,18
39,246,217,1,8,306
38,755,531,1,1,97
33,369,115,2,1,103
36,911,117,2,3,21
31,863,166,3,6,111
29,238,344,2,1,88
54,1561,352,3,2,186
32,705,414,2,4,35
27,11862,281,5,1,101
33,109,601,2,7,10
40,-310,133,2,5,363
48,5689,527,2,1,103
32,937,61,1,1,190
24,1179,78,1,1,105
40,363,135,1,2,104
24,23878,133,1,1,97
35,142,293,2,3,19
42,1066,125,1,3,104
32,2340,94,1,2,97
30,411,111,1,1,35
36,753,71,5,4,40
31,816,302,1,1,40
51,1443,574,1,10,97
33,1778,134,1,1,103
35,8029,167,1,4,285
58,2714,165,1,2,287
60,4,400,3,2,358
35,1693,58,1,1,105
26,2170,81,1,1,29
43,228,55,1,1,113
24,146,147,1,1,40
36,15485,83,1,1,42
31,180,222,1,2,70
52,195,145,1,2,98
43,36,118,1,2,102
28,805,69,1,1,99
59,1831,245,2,2,98
57,350,132,6,3,112
34,0,141,1,1,188
32,4089,114,7,3,287
29,1135,407,2,1,98
36,635,80,1,1,102
36,144,87,1,2,308
28,6551,362,1,1,77
60,3461,94,2,2,112
60,1574,189,2,1,349
32,312,208,2,2,98
29,15459,245,3,7,97
47,2232,439,1,1,103
37,1967,242,1,1,212
51,2337,133,2,5,41
26,2509,776,3,3,97
30,1027,136,2,1,114
60,2063,95,1,2,99
32,10287,281,4,1,188
30,5359,119,1,1,98
43,1336,82,2,1,309
38,2442,161,1,3,100
21,2265,156,4,2,99
25,760,223,3,2,89
55,1872,76,3,5,103
28,1109,89,4,5,310
30,48,144,2,1,187
52,196,99,2,1,99
43,132,187,2,1,71
26,2506,210,2,1,100
58,3382,294,2,2,309
36,953,77,1,1,100
25,7103,188,3,1,10
55,602,324,3,2,90
26,1274,190,1,1,84
49,1808,205,1,1,95
41,2611,129,1,2,314
60,1740,814,1,2,80
46,4629,67,1,1,41
45,2552,69,1,7,293
25,1116,119,1,5,20
58,2764,459,1,1,196
42,707,233,1,1,348
47,293,251,1,1,90
55,0,106,1,1,91
52,0,144,1,1,83
37,1352,93,1,1,347
60,261,128,1,1,192
57,1292,151,1,1,69
35,671,128,1,1,83
49,493,161,1,1,39
54,0,174,1,2,81
53,2851,89,1,1,119
42,0,450,1,1,196
36,202,206,1,1,192
47,2351,163,2,1,84
29,92,101,1,5,92
32,6981,154,1,3,194
36,688,126,1,1,120
53,2240,282,2,1,385
48,238,118,2,1,81
26,313,199,1,2,96
45,1788,177,2,2,301
40,0,297,1,3,28
47,1147,654,1,1,95
41,280,88,1,2,95
38,1988,103,1,4,67
49,1807,225,1,1,82
39,782,162,2,15,28
56,935,136,1,3,96
42,1376,271,2,4,92
45,273,163,1,2,95
49,523,712,1,3,60
27,15161,74,1,1,120
38,5115,318,1,7,95
49,7019,263,1,3,368
26,96,696,1,2,27
32,625,352,1,2,56
34,4447,159,1,2,84
32,530,118,1,1,60
45,10768,147,3,2,78
28,4987,924,2,21,113
35,5367,80,1,1,92
49,5887,181,3,2,293
34,21,269,1,2,92
35,2823,102,4,2,96
54,446,122,2,8,91
29,23,163,1,2,55
34,978,262,2,1,71
32,409,115,2,2,86
42,2913,705,1,1,195
41,140,96,1,2,125
39,794,116,2,1,121
29,637,340,1,1,119
26,1231,385,2,5,96
33,1268,2219,1,2,28
32,3154,126,1,4,44
38,1442,113,1,1,119
50,268,74,2,2,90
46,4367,65,1,1,96
28,3623,138,2,1,85
58,2261,1361,1,1,391
37,6384,254,1,2,96
42,576,447,2,1,96
44,423,136,6,5,83
26,2786,300,2,1,72
39,201,699,1,1,119
40,694,431,2,9,119
56,1947,124,1,2,34
43,3917,725,2,1,93
33,781,266,1,1,27
38,7255,78,2,2,44
35,52,328,2,4,94
42,2665,280,2,11,126
37,1045,106,1,3,79
33,506,176,1,2,91
33,154,111,2,2,78
41,0,352,2,2,122
26,523,221,1,1,126
43,2987,156,1,3,85
38,1130,96,2,1,98
38,1190,81,2,3,391
41,3426,102,2,3,297
31,447,327,3,3,77
35,563,147,1,3,119
37,549,217,2,1,94
31,617,1161,1,2,97
34,2918,246,1,2,196
34,303,282,3,3,126
29,261,66,1,19,79
27,827,73,1,1,107
40,985,592,3,8,50
46,974,174,2,1,80
28,171,324,1,1,87
35,1085,199,1,7,86
34,88,206,1,1,99
25,42,149,1,1,94
24,1004,133,1,2,67
34,215,329,1,3,94
38,1187,76,2,1,123
31,924,207,2,1,98
35,697,57,2,1,304
29,5763,271,2,2,92
57,256,304,2,1,91
22,682,126,2,1,91
37,0,257,2,1,97
50,388,152,2,2,89
46,3434,148,2,1,101
38,1354,127,3,2,130
28,1363,431,3,1,102
32,8866,234,2,2,83
43,3780,67,2,3,202
36,3407,993,4,4,85
41,254,183,2,2,294
37,3,105,4,6,318
24,1506,239,2,4,95
30,601,80,3,1,105
60,544,95,7,2,357
29,858,234,7,1,330
30,523,136,3,1,101
33,1390,92,2,2,312
33,3335,92,1,6,301
59,259,415,1,1,89
26,1595,155,1,1,105
37,1000,322,1,1,90
35,2015,60,1,1,390
39,1048,108,1,1,32
30,2,102,1,1,85
48,1981,404,3,5,92
32,640,49,2,1,134
59,3735,243,3,6,91
37,26,151,7,4,62
42,6526,133,2,3,399
34,2374,270,2,2,314
42,1539,63,5,2,211
49,7443,293,5,2,211
59,185,177,5,1,138
55,9329,136,1,1,95
30,2326,67,1,1,108
83,425,883,1,1,140
61,997,269,1,1,104
73,448,68,1,1,90
26,771,113,1,1,109
58,111,39,1,2,90
37,2061,459,1,3,109
19,1803,124,1,1,105
48,0,248,1,1,89
52,0,122,1,1,64
33,6281,1057,1,4,393
72,132,260,2,1,65
45,1823,97,1,2,377
51,1801,82,1,3,77
50,405,146,1,6,91
40,2763,566,1,2,395
42,2959,711,1,1,342
37,22856,154,1,1,388
60,263,317,1,2,330
30,1101,590,1,3,225
28,12956,940,1,3,399
39,19,503,2,5,147
31,625,135,2,3,49
30,330,264,1,1,80
34,0,122,1,1,72
31,873,147,2,4,233
40,35,318,4,3,317
47,4879,96,3,3,340
33,1160,139,1,2,391
34,-74,98,2,4,347
48,2892,407,1,1,385
53,1958,82,2,4,75
69,473,112,1,1,78
37,981,682,2,1,386
36,4,529,1,3,61
38,7005,370,1,1,412
55,865,105,1,2,82
31,202,167,1,1,62
31,307,361,1,2,229
38,0,341,1,1,385
42,406,194,1,2,391
29,1599,115,1,1,61
58,1227,625,1,1,156
34,980,243,1,3,348
26,10086,475,3,2,78
32,1017,166,7,1,163
37,3913,57,2,1,80
34,144,213,3,16,89
44,323,332,2,2,181
42,11008,822,6,1,405
34,603,51,4,1,434
50,769,72,2,4,363
49,0,67,5,1,252
44,1646,292,6,1,251
37,115,236,1,4,92
46,526,326,1,3,96
25,219,576,1,1,96
29,451,152,1,2,92
47,1167,505,1,6,96
62,3340,259,1,1,35
40,1646,173,1,5,92
46,242,120,2,1,96
31,40,158,1,2,104
47,699,432,3,2,97
55,2383,1019,2,2,63
30,2666,475,2,4,93
53,1356,397,2,2,93
48,1147,389,1,2,64
41,2487,206,1,1,97
47,86,253,1,4,97
25,41,100,2,2,93
20,292,385,2,1,93
47,3940,226,3,2,97
37,1291,150,1,2,97
36,495,157,3,2,97
45,6945,131,5,3,356
53,1624,107,1,6,98
50,938,148,2,1,98
65,1176,111,1,1,184
32,6857,85,1,1,185
40,0,131,2,6,98
53,0,1452,1,2,98
65,162,280,3,2,185
46,4693,79,1,2,394
59,0,107,2,1,63
47,201,58,2,1,382
30,776,72,1,2,99
41,1536,273,1,2,95
59,1116,149,2,1,99
37,96,155,1,2,99
32,4041,325,1,2,99
57,2476,239,1,1,459
32,697,119,1,3,99
34,0,262,1,2,99
49,305,140,1,1,99
42,3403,215,1,1,99
58,687,221,1,2,99
47,677,384,1,4,99
33,1076,88,1,4,259
35,2971,158,2,6,95
41,2226,182,2,1,99
23,0,217,1,7,99
33,5437,131,1,2,98
39,172,248,1,1,131
42,11115,187,1,1,102
33,22867,73,1,2,440
32,935,161,2,5,375
59,1425,489,2,1,102
38,47,120,1,5,98
48,1730,158,1,1,102
59,3444,252,1,2,185
28,1984,89,1,3,98
46,4855,1529,1,1,397
32,1815,235,1,2,102
33,95,155,1,1,102
40,1508,153,2,1,383
52,618,352,2,2,102
40,694,107,4,11,68
26,1608,89,2,2,102
30,805,134,3,1,194
62,3738,151,3,1,185
55,1693,247,1,3,102
33,218,162,1,4,161
31,10884,294,3,2,98
26,2,121,1,2,102
30,697,179,3,2,102
45,3857,425,2,1,190
83,6236,155,1,2,190
34,2427,90,3,3,70
71,13297,265,1,2,190
42,201,265,1,3,103
34,-32,89,3,2,103
24,2376,123,1,1,106
33,73,156,1,2,263
42,1559,155,1,1,103
42,94,176,2,4,90
20,130,88,1,3,99
28,5916,344,1,6,81
40,1108,170,2,1,112
57,589,167,1,5,190
31,199,127,2,4,461
30,533,229,2,4,99
60,6573,75,1,1,274
61,2557,139,3,1,190
31,620,153,1,2,103
42,994,149,1,5,78
26,96,349,1,3,70
33,661,108,1,7,99
40,100,221,1,1,461
29,238,97,1,3,78
45,1435,201,1,1,103
55,1199,91,1,10,99
39,260,175,2,2,116
55,357,526,1,1,103
58,1013,206,1,1,461
42,437,120,3,1,190
32,60,248,2,1,462
33,312,271,1,3,369
32,3283,623,2,2,191
37,393,62,2,2,104
44,1070,137,2,3,104
31,181,182,1,1,104
32,484,668,2,1,463
24,474,249,1,1,104
28,0,150,1,3,79
36,3850,239,2,4,100
59,182,90,1,2,104
38,245,251,2,4,117
35,11219,699,2,1,79
41,27696,147,2,1,104
59,116,398,4,3,422
53,341,90,2,2,104
47,2408,236,1,1,104
61,2,131,1,3,114
32,1331,93,1,4,104
37,3954,87,1,2,117
34,256,201,2,1,267
34,48,810,3,6,93
35,2088,94,1,3,51
32,386,305,3,1,104
55,113,306,1,3,457
69,324,875,1,4,189
33,498,338,2,1,104
49,5802,175,3,2,104
32,354,363,1,3,104
43,2643,188,3,5,100
33,4401,96,2,1,104
46,0,107,1,3,104
44,163,44,1,3,100
49,905,90,1,1,68
34,1337,255,2,1,104
25,2305,222,2,2,104
44,1818,120,1,1,104
46,1040,542,1,5,78
31,1812,112,1,1,104
30,1159,95,1,1,68
32,3271,162,1,3,100
35,618,293,1,1,104
32,1246,68,1,3,104
38,0,255,2,1,105
47,4,73,2,6,105
32,696,101,4,4,105
38,1165,784,3,10,94
32,1388,102,1,1,105
32,5,200,1,1,127
40,99,220,2,2,364
31,35,315,2,1,105
29,314,485,3,1,105
50,3169,399,1,1,430
67,0,1152,2,1,188
26,611,138,2,3,69
37,24,136,1,2,105
56,616,293,2,2,105
76,3324,227,2,1,192
24,382,103,1,2,105
42,3371,284,1,2,92
33,920,111,1,1,105
29,30,83,1,1,105
28,113,204,3,1,105
27,4590,75,1,2,442
35,1368,159,2,3,78
48,1559,344,1,2,190
34,882,135,1,5,113
36,994,185,2,3,105
26,-67,143,1,1,90
30,305,75,1,3,105
56,9367,320,2,2,101
50,0,43,1,2,105
30,499,92,2,1,90
45,2067,393,2,1,462
34,1228,99,2,10,105
30,877,202,1,5,83
33,5164,238,2,1,265
49,1,640,2,4,101
33,1737,228,2,2,106
58,1227,182,2,2,37
59,2026,185,3,1,73
68,2301,90,3,1,120
57,169,180,1,2,106
29,486,151,1,1,106
43,775,98,1,1,106
26,255,209,2,2,106
54,1778,319,1,2,268
33,263,257,1,2,102
47,926,436,1,5,403
58,5701,92,3,2,106
26,777,260,2,1,463
37,332,190,2,7,84
38,902,108,1,4,102
37,444,137,1,5,102
60,209,391,3,1,106
44,226,190,3,3,270
32,12607,203,5,1,84
33,1974,498,2,1,191
36,1228,153,2,3,102
41,220,142,2,2,88
54,0,159,2,6,106
39,11766,313,4,5,102
35,1577,80,1,1,273
32,8023,219,1,2,84
42,-306,308,1,1,459
25,1179,43,1,2,83
26,0,237,1,2,82
45,982,123,2,3,454
35,431,343,2,1,397
36,953,80,1,2,81
67,696,119,1,2,105
62,1495,606,1,1,196
26,828,156,1,1,199
26,2506,134,1,3,82
52,583,61,1,1,84
58,883,543,1,2,78
37,3794,147,1,1,379
22,948,215,1,2,197
30,48,161,1,1,173
35,3751,210,2,2,124
34,0,148,1,2,84
55,1938,193,1,3,386
49,9131,532,1,5,461
69,1080,197,2,2,118
57,1458,250,1,5,107
43,132,574,1,3,84
63,1612,399,2,2,183
35,2658,768,2,3,141
30,5359,145,1,2,84
39,139,328,1,1,79
34,4859,262,2,2,112
59,2239,377,6,1,90
27,11862,217,1,6,87
28,1925,147,1,1,90
24,228,99,1,1,79
34,1406,63,2,1,85
42,5310,273,1,3,90
60,106,216,3,1,91
60,2063,54,5,3,86
39,18,102,1,1,91
52,363,168,1,1,462
31,1251,282,1,5,197
34,10,90,1,1,91
37,1314,200,1,10,91
50,3370,531,2,2,80
27,5741,72,1,1,88
43,733,126,1,4,88
27,377,171,3,1,91
53,-309,343,2,2,428
28,3733,419,5,7,91
28,61,744,1,3,109
59,1047,438,1,3,184
71,2651,73,3,2,200
29,265,130,2,1,94
70,2346,190,3,2,194
39,116,79,2,2,94
42,16517,497,2,2,279
51,2337,46,4,7,90
40,0,79,2,4,95
35,1810,52,2,2,92
37,106,511,1,13,392
37,127,192,1,1,193
33,369,83,1,3,92
34,1281,279,1,1,117
36,506,47,1,1,120
36,255,242,6,4,95
43,2145,291,2,4,95
49,3466,161,3,2,410
43,9,89,5,1,401
36,3064,240,3,4,107
35,992,79,1,3,114
26,620,76,1,2,96
43,1696,257,1,3,474
39,385,143,1,1,93
21,1596,115,1,2,93
57,854,700,4,1,92
36,40,259,3,4,475
36,539,398,2,1,477
29,590,81,1,1,94
43,1612,119,2,3,95
31,660,207,3,2,478
32,31,125,2,1,95
36,289,67,3,4,280
34,2583,64,1,2,95
42,1535,121,1,2,108
32,937,90,1,2,94
34,612,81,1,1,95
39,93,65,1,5,95
28,207,129,1,4,94
32,636,370,1,4,116
55,1872,155,2,8,93
36,490,207,8,1,98
34,0,79,5,7,110
34,747,72,2,1,98
33,2340,65,5,3,97
34,980,69,2,4,54
36,953,102,2,3,101
27,118,160,3,1,98
45,4119,473,2,1,283
55,1504,186,3,2,101
41,285,90,4,4,147
52,2087,267,1,1,474
53,6649,106,1,1,55
49,5689,470,1,3,97
37,7620,164,3,3,98
30,201,219,1,12,157
43,7702,108,7,3,102
39,119,265,2,4,476
43,970,513,13,11,288
48,17964,120,1,5,98
51,2635,181,1,2,98
35,183,516,2,2,130
48,568,378,2,1,386
38,1198,91,3,1,213
44,764,232,1,1,213
32,1270,420,1,3,15
46,2552,260,1,8,94
71,653,471,1,1,189
44,2033,444,1,1,99
37,0,144,2,6,463
36,86,104,1,3,380
31,3343,365,1,1,94
51,994,268,1,3,98
27,313,167,1,3,93
45,40,81,1,1,213
40,7968,733,1,1,93
55,2587,328,2,2,94
35,2789,256,2,1,94
57,6468,730,1,4,157
31,882,293,1,1,93
26,1231,230,1,7,93
33,5969,156,2,8,127
32,2667,171,2,2,186
48,606,589,3,6,186
36,1354,281,3,2,97
55,602,350,1,5,98
62,367,221,1,5,189
33,1390,92,1,4,84
24,0,89,1,2,103
52,0,211,1,1,294
53,1182,82,1,1,293
36,52,351,1,6,95
31,924,231,1,3,94
45,1411,800,2,3,102
57,772,201,1,1,292
50,6574,495,1,3,92
31,155,214,1,1,99
43,2160,261,1,1,98
33,409,165,1,4,97
56,230,167,1,2,92
25,1871,260,1,1,96
32,2915,519,1,2,131
28,1633,233,1,1,95
39,1587,108,2,3,98
58,1227,400,2,1,95
37,4321,421,2,1,95
79,723,276,1,3,79
40,732,71,1,4,139
30,147,234,1,1,100
50,3764,214,2,4,99
35,114,105,3,4,97
31,12569,344,1,1,295
45,129,307,2,1,191
34,158,278,2,4,132
28,261,259,2,4,98
32,889,185,1,5,99
23,1235,122,2,3,91
38,0,260,3,3,95
58,4605,339,1,1,38
36,495,91,1,5,37
63,2747,113,1,1,80
46,640,108,2,2,129
47,1013,170,1,3,92
48,2351,150,1,3,105
46,273,1962,1,3,105
57,3109,107,2,2,105
50,388,173,2,4,99
34,262,89,2,1,106
31,64,208,1,2,105
50,810,91,1,3,103
54,1664,106,1,3,105
48,2,103,1,2,91
26,362,925,1,2,104
33,1323,109,2,1,106
50,1612,188,1,4,92
40,1293,1702,3,2,105
31,3384,153,1,2,104
29,874,152,1,1,103
40,1819,169,1,2,103
34,417,99,2,3,135
25,553,113,4,1,479
41,595,22,1,2,107
25,808,267,2,2,114
59,883,1551,1,3,31
83,425,773,1,2,92
43,2367,83,1,3,113
46,5993,159,1,1,112
45,10252,173,1,2,141
37,1000,239,1,2,99
27,20585,299,1,1,100
32,530,91,1,2,114
37,539,168,2,1,45
65,1176,64,1,2,50
23,4545,242,1,1,114
20,1191,500,2,1,228
57,10583,341,3,3,98
29,14,87,1,1,120
50,0,159,1,2,120
36,1145,75,1,2,239
40,1451,117,1,1,121
45,4068,314,1,1,41
53,109,431,1,1,120
35,611,305,2,1,121
35,2088,86,1,4,50
26,132,194,1,1,119
41,3426,302,1,5,119
36,202,237,1,2,122
48,3842,168,1,2,122
54,2081,395,2,1,108
34,1363,258,1,1,93
59,4152,67,6,13,141
37,189,238,1,2,107
44,1495,82,1,1,142
37,1027,137,1,1,119
54,1464,194,2,1,94
54,8295,849,2,1,119
26,170,160,2,1,109
24,4126,83,5,2,191
34,318,88,1,3,169
34,0,89,1,1,133
57,415,408,1,2,410
26,125,63,1,7,63
57,854,480,1,5,40
37,604,371,1,1,495
33,5437,201,1,3,58
37,2061,867,2,4,107
25,1185,290,1,1,114
30,873,301,1,2,216
31,9629,180,2,2,96
29,172,271,2,16,187
55,377,403,1,1,183
61,1389,92,3,1,183
36,4596,234,2,2,175
58,565,153,1,1,93
33,1781,611,2,1,183
27,3415,266,3,1,184
60,12039,261,1,1,187
32,2983,268,1,1,102
56,12,511,3,1,187
83,6236,766,1,3,62
56,1137,99,3,1,102
55,9329,135,1,2,113
55,538,306,1,2,67
59,0,78,1,1,216
46,1187,92,1,1,327
39,385,242,1,2,48
31,581,845,1,6,152
35,2646,221,1,1,182
61,6,210,1,2,182
45,886,75,2,1,42
43,1188,1573,2,2,139
62,1495,896,1,2,57
36,592,204,2,5,99
32,2688,216,1,1,57
63,1084,201,1,1,183
23,107,84,1,1,183
46,37378,146,1,1,518
38,127,113,1,2,50
34,144,104,1,19,85
58,4198,441,5,5,246
30,0,86,1,3,140
34,35,76,1,2,69
47,2149,241,1,2,183
30,536,244,1,1,105
19,103,96,2,2,97
54,1311,485,3,3,184
62,1528,134,2,1,184
43,2557,166,3,5,183
40,79,570,1,1,135
57,1318,115,1,2,185
75,3771,186,1,1,183
77,0,847,1,1,60
31,6138,154,2,5,119
50,469,170,1,1,183
72,2850,131,2,1,241
31,523,141,1,4,126
65,493,622,1,1,182
33,8514,165,1,1,57
73,519,434,1,1,57
40,2266,447,1,5,147
44,643,324,1,3,143
45,0,283,1,3,165
62,1515,131,1,2,187
76,1411,233,2,3,187
56,111,79,1,1,186
30,261,233,1,20,137
54,831,208,3,3,109
60,0,1745,3,3,62
61,1541,59,1,3,104
31,8304,164,1,1,183
39,1802,92,1,1,336
22,3472,332,1,3,183
39,206,148,2,2,195
43,69,304,1,1,337
65,571,349,1,2,183
54,3994,595,2,2,187
28,80,676,2,2,146
61,267,192,3,1,184
53,2581,828,1,1,189
38,0,576,1,4,183
69,473,110,1,2,106
27,1134,825,1,4,183
55,309,467,2,1,184
33,6807,512,2,1,184
33,658,307,1,1,208
33,79,249,2,2,335
30,411,127,3,2,149
68,2144,277,1,2,184
42,527,181,1,1,185
41,431,133,1,2,107
35,1750,422,1,4,175
29,123,247,1,3,184
27,3792,504,1,2,183
82,8603,306,3,1,107
55,0,102,1,1,106
76,2991,344,1,1,183
38,4174,336,2,5,184
60,10925,270,3,1,185
33,2411,130,1,1,161
43,11115,476,1,2,74
73,796,427,1,2,182
39,0,622,1,1,184
57,6900,255,4,2,185
33,5878,438,1,2,430
77,1780,221,2,3,183
35,183,281,1,4,52
59,3648,257,2,3,126
40,1108,61,2,3,76
40,0,87,2,2,200
44,36,127,2,3,153
59,1425,151,2,3,77
52,722,99,2,3,185
73,542,355,1,5,180
55,865,96,1,3,111
41,942,143,1,1,188
58,3027,120,1,1,186
46,311,96,1,1,158
28,0,96,1,1,267
38,0,297,1,3,75
30,398,102,1,3,180
52,992,424,1,1,515
59,0,376,1,3,81
71,383,327,2,3,183
38,70,255,3,1,148
34,18,114,1,1,180
60,182,83,2,3,76
29,1599,95,1,2,112
61,89,154,1,2,181
27,390,190,1,1,82
30,914,524,3,1,272
57,2326,207,1,1,194
61,272,318,1,1,269
30,697,215,3,5,80
66,1948,106,2,2,269
53,395,136,1,1,148
34,920,250,1,5,342
47,3663,424,2,3,213
62,115,157,4,3,183
30,853,279,1,1,148
56,1947,631,2,3,149
30,53,155,1,1,184
60,3401,294,1,1,270
46,3512,175,1,1,197
33,3301,131,2,2,171
37,1506,101,3,3,80
20,0,69,4,4,182
38,732,53,2,1,161
70,3020,358,2,1,186
29,3054,204,1,7,186
54,473,182,1,1,81
35,5462,188,1,1,186
26,906,109,1,1,160
35,580,180,2,1,171
72,1285,179,5,2,98
55,2037,209,2,1,273
44,1818,88,2,2,83
48,0,1233,1,2,351
36,62,566,1,7,182
55,0,222,3,3,187
36,506,217,1,2,70
64,2352,181,4,7,183
40,1508,177,2,3,85
27,1720,284,2,1,273
38,2812,322,1,1,187
36,7222,116,4,1,154
31,1812,138,1,2,84
29,2,85,1,1,142
34,1778,358,1,2,162
61,6016,199,1,3,275
31,220,257,2,2,184
60,6573,126,2,2,87
24,556,368,2,2,80
33,1699,178,2,1,94
33,6699,425,1,1,462
33,1536,262,1,2,94
32,935,165,1,7,91
60,10861,98,1,2,91
34,2374,161,1,2,209
35,1228,696,2,12,88
53,1356,371,2,4,96
24,125,263,1,1,90
32,1527,270,1,2,144
38,3141,347,4,2,189
47,3940,171,2,5,96
45,160,182,2,1,194
40,0,147,1,8,96
31,2666,318,2,6,97
44,1534,95,1,3,95
61,2557,89,1,4,91
67,405,344,2,2,95
33,22867,266,2,3,92
57,2155,144,3,2,91
71,1311,301,2,1,91
52,94,293,3,10,190
48,201,594,1,1,91
33,1388,280,1,2,89
27,4590,131,4,3,89
52,1785,133,3,1,89
35,612,158,1,1,195
35,5007,133,1,3,90
23,598,406,1,1,195
26,943,166,1,1,195
51,938,98,2,3,97
33,1076,131,1,5,96
35,0,229,2,3,96
53,1624,166,3,7,97
44,1070,172,1,5,91
53,4401,241,1,1,92
21,123,513,1,1,91
36,3623,71,1,1,378
31,533,90,3,6,93
42,994,227,3,6,93
28,805,116,5,2,170
27,168,123,1,1,196
33,386,253,1,4,92
65,1370,177,1,1,92
30,2424,110,1,1,279
51,346,134,2,3,192
32,1331,126,1,5,92
47,4693,89,1,3,97
48,1230,169,1,2,196
61,1720,150,1,5,463
36,2971,247,1,8,97
27,5291,192,2,2,92
39,64,366,2,1,98
43,3403,707,2,2,97
33,133,627,2,1,192
50,3608,176,2,2,197
50,2794,350,5,2,93
43,1854,131,2,1,197
45,1529,181,1,1,197
76,3324,122,1,3,92
63,5112,2184,2,3,95
77,2590,212,3,12,277
71,2600,186,2,1,98
46,2671,180,3,4,91
39,260,226,1,4,94
37,115,122,4,5,101
18,608,210,1,1,93
58,462,495,1,1,93
61,1471,632,1,2,93
44,14,167,1,1,92
67,1146,259,1,2,92
31,181,239,2,2,93
36,376,193,1,1,92
56,9367,271,2,4,92
74,0,332,2,2,92
33,271,182,2,2,91
24,382,256,2,3,92
33,2465,139,2,1,95
34,2599,95,1,2,200
33,920,130,1,2,95
34,129,295,1,2,200
58,169,301,1,3,94
61,209,1011,1,4,94
37,1276,146,1,2,94
27,535,183,1,1,94
37,2987,135,8,1,96
31,270,176,1,2,200
41,487,163,1,1,200
22,1925,84,1,1,196
34,86,244,2,1,178
33,71,136,1,1,287
42,10072,137,3,1,208
26,203,104,1,1,196
54,0,986,1,8,94
37,197,175,1,1,200
33,263,79,4,3,94
43,3186,380,1,1,88
49,972,104,3,2,175
35,3160,445,2,1,95
24,272,105,2,2,94
75,6027,1248,2,2,94
52,583,209,1,2,91
62,10373,140,3,3,97
55,0,134,2,1,91
29,1374,309,3,4,208
52,2337,190,3,11,91
20,215,325,1,5,95
42,5310,968,2,4,97
27,11862,285,2,7,97
30,265,295,1,3,93
23,922,242,1,8,85
53,65,99,1,2,92
38,3576,349,2,1,183
28,1925,487,1,2,97
38,6728,232,1,4,96
72,1129,208,1,1,91
29,265,414,1,1,184
34,69,296,1,2,205
27,567,238,2,1,184
52,1797,92,2,1,99
77,680,341,4,3,94
35,204,110,3,1,189
58,3399,1628,2,8,188
46,31630,448,2,1,214
25,304,152,1,2,188
45,2033,123,1,4,186
22,691,260,5,1,103
33,8023,107,1,3,105
28,520,113,1,1,168
60,4,415,1,5,190
29,1165,244,2,1,184
36,4708,284,1,1,171
68,2820,154,1,2,97
48,1147,155,1,3,120
25,1189,110,1,1,183
28,339,350,1,1,182
29,19,274,1,1,230
49,5887,439,3,5,185
42,2913,127,2,2,184
43,11891,821,5,1,242
28,78,232,3,2,310
44,733,360,2,5,105
58,2223,1139,2,1,114
38,5000,720,5,5,536
31,389,69,1,2,185
42,684,163,1,1,186
42,144,143,1,3,283
32,8626,200,1,2,196
29,314,415,2,4,116
38,1190,347,4,5,186
29,2489,1002,3,2,283
42,254,288,7,4,183
37,0,179,1,1,190
27,1623,161,1,1,190
34,294,265,1,3,184
79,8304,456,2,9,275
57,698,135,3,2,191
41,1077,207,3,2,387
22,1258,182,1,1,156
58,256,422,1,3,188
54,380,501,1,2,188
45,1788,364,1,4,191
40,3797,263,1,2,195
30,2326,420,1,2,175
41,10346,352,1,3,182
35,3402,269,1,2,194
36,925,321,3,4,189
64,67,86,2,1,111
53,1796,476,1,1,193
26,12,72,4,6,186
29,572,314,1,1,195
43,775,325,1,2,124
57,5313,283,2,1,196
46,0,155,1,2,199
47,0,97,1,2,231
56,393,103,1,1,206
34,1337,330,2,3,127
57,2986,222,2,1,231
52,195,110,2,3,205
32,35,324,3,3,126
31,596,184,6,2,196
27,538,170,4,2,197
29,399,454,6,1,199
50,5108,406,1,2,182
57,1841,127,2,1,196
60,294,104,5,4,198
44,1025,116,2,1,202
50,320,294,3,4,315
44,132,103,5,4,124
39,804,193,8,1,203
32,131,322,1,1,189
59,2074,467,1,2,186
68,1443,2062,2,1,257
40,782,94,5,17,202
34,303,94,3,6,200
64,661,367,2,2,294
49,905,385,7,2,131
60,3735,190,1,9,188
72,4657,305,3,5,309
30,5,282,1,1,203
